storeId,productId,productName,currentStock,openingStock,minimumStock,reorderLevel,maximumStock,lastRestocked
STR-001,PRD-1001,India Gate Basmati Rice 5kg,3,50,10,25,300,2026-09-01
STR-002,PRD-1001,India Gate Basmati Rice 5kg,3,47,10,25,300,2026-09-01
STR-001,PRD-1002,Ponni Boiled Rice 10kg,36,137,10,20,300,2026-09-01
STR-002,PRD-1002,Ponni Boiled Rice 10kg,72,117,10,20,300,2026-09-01
STR-003,PRD-1002,Ponni Boiled Rice 10kg,56,114,10,20,300,2026-09-01
STR-001,PRD-1003,Sona Masoori Rice 5kg,41,108,10,20,300,2026-09-01
STR-002,PRD-1003,Sona Masoori Rice 5kg,69,118,10,20,300,2026-09-01
STR-003,PRD-1003,Sona Masoori Rice 5kg,74,140,10,20,300,2026-09-01
STR-001,PRD-1004,Aashirvaad Shuddha Chakki Atta 5kg,49,144,10,20,300,2026-09-01
STR-002,PRD-1004,Aashirvaad Shuddha Chakki Atta 5kg,52,108,10,20,300,2026-09-01
STR-003,PRD-1004,Aashirvaad Shuddha Chakki Atta 5kg,52,145,10,20,300,2026-09-01
STR-001,PRD-1005,Pillsbury Chakki Fresh Atta 5kg,53,114,10,25,300,2026-09-01
STR-002,PRD-1005,Pillsbury Chakki Fresh Atta 5kg,37,115,10,25,300,2026-09-01
STR-003,PRD-1005,Pillsbury Chakki Fresh Atta 5kg,55,82,10,25,300,2026-09-01
STR-001,PRD-1006,Quaker Oats 1kg,48,100,10,20,300,2026-09-01
STR-002,PRD-1006,Quaker Oats 1kg,43,93,10,20,300,2026-09-01
STR-003,PRD-1006,Quaker Oats 1kg,60,134,10,20,300,2026-09-01
STR-001,PRD-1007,Saffola Masala Oats 500g,90,66,10,20,300,2026-09-01
STR-002,PRD-1007,Saffola Masala Oats 500g,59,68,10,20,300,2026-09-01
STR-003,PRD-1007,Saffola Masala Oats 500g,78,61,10,20,300,2026-09-01
STR-001,PRD-1008,Manna Ragi Flour 1kg,20,80,10,30,300,2026-09-01
STR-002,PRD-1008,Manna Ragi Flour 1kg,23,68,10,30,300,2026-09-01
STR-001,PRD-1009,Raw Rice 5kg,67,141,10,20,300,2026-09-01
STR-002,PRD-1009,Raw Rice 5kg,35,127,10,20,300,2026-09-01
STR-003,PRD-1009,Raw Rice 5kg,50,99,10,20,300,2026-09-01
STR-001,PRD-1010,Idli Rice 5kg,56,111,10,25,300,2026-09-01
STR-002,PRD-1010,Idli Rice 5kg,60,110,10,25,300,2026-09-01
STR-003,PRD-1010,Idli Rice 5kg,59,93,10,25,300,2026-09-01
STR-001,PRD-1011,Seeraga Samba Rice 1kg,76,145,10,20,300,2026-09-01
STR-002,PRD-1011,Seeraga Samba Rice 1kg,56,68,10,20,300,2026-09-01
STR-003,PRD-1011,Seeraga Samba Rice 1kg,75,150,10,20,300,2026-09-01
STR-001,PRD-1012,Maida Flour 1kg,5,46,10,25,300,2026-09-01
STR-002,PRD-1012,Maida Flour 1kg,11,48,10,25,300,2026-09-01
STR-003,PRD-1012,Maida Flour 1kg,12,33,10,25,300,2026-09-01
STR-001,PRD-1013,Tata Sampann Toor Dal 1kg,76,146,10,20,300,2026-09-01
STR-002,PRD-1013,Tata Sampann Toor Dal 1kg,50,73,10,20,300,2026-09-01
STR-003,PRD-1013,Tata Sampann Toor Dal 1kg,50,119,10,20,300,2026-09-01
STR-001,PRD-1014,Moong Dal Split 1kg,48,56,10,15,300,2026-09-01
STR-002,PRD-1014,Moong Dal Split 1kg,55,65,10,15,300,2026-09-01
STR-003,PRD-1014,Moong Dal Split 1kg,69,60,10,15,300,2026-09-01
STR-001,PRD-1015,Chana Dal 1kg,43,98,10,25,300,2026-09-01
STR-002,PRD-1015,Chana Dal 1kg,34,111,10,25,300,2026-09-01
STR-001,PRD-1016,Urad Dal Black Whole 1kg,220,207,10,20,300,2026-09-01
STR-002,PRD-1016,Urad Dal Black Whole 1kg,187,220,10,20,300,2026-09-01
STR-003,PRD-1016,Urad Dal Black Whole 1kg,210,286,10,20,300,2026-09-01
STR-001,PRD-1017,Urad Dal White Split 1kg,24,61,10,30,300,2026-09-01
STR-002,PRD-1017,Urad Dal White Split 1kg,18,68,10,30,300,2026-09-01
STR-003,PRD-1017,Urad Dal White Split 1kg,19,80,10,30,300,2026-09-01
STR-001,PRD-1018,Rajma Red Kidney Beans 500g,71,139,10,20,300,2026-09-01
STR-002,PRD-1018,Rajma Red Kidney Beans 500g,39,104,10,20,300,2026-09-01
STR-003,PRD-1018,Rajma Red Kidney Beans 500g,54,150,10,20,300,2026-09-01
STR-001,PRD-1019,Green Gram Whole 1kg,54,130,10,20,300,2026-09-01
STR-002,PRD-1019,Green Gram Whole 1kg,82,73,10,20,300,2026-09-01
STR-003,PRD-1019,Green Gram Whole 1kg,78,86,10,20,300,2026-09-01
STR-001,PRD-1020,Fried Gram (Pottukadalai) 500g,32,83,10,25,300,2026-09-01
STR-002,PRD-1020,Fried Gram (Pottukadalai) 500g,50,88,10,25,300,2026-09-01
STR-003,PRD-1020,Fried Gram (Pottukadalai) 500g,30,115,10,25,300,2026-09-01
STR-001,PRD-1021,Kabuli Chana 1kg,88,64,10,20,300,2026-09-01
STR-002,PRD-1021,Kabuli Chana 1kg,85,106,10,20,300,2026-09-01
STR-003,PRD-1021,Kabuli Chana 1kg,41,145,10,20,300,2026-09-01
STR-001,PRD-1022,Masoor Dal Red 1kg,50,79,10,20,300,2026-09-01
STR-002,PRD-1022,Masoor Dal Red 1kg,46,63,10,20,300,2026-09-01
STR-001,PRD-1023,Horse Gram (Kollu) 500g,6,37,10,25,300,2026-09-01
STR-002,PRD-1023,Horse Gram (Kollu) 500g,5,45,10,25,300,2026-09-01
STR-003,PRD-1023,Horse Gram (Kollu) 500g,5,37,10,25,300,2026-09-01
STR-001,PRD-1024,Black Eyed Beans (Karamani) 500g,215,298,10,20,300,2026-09-01
STR-002,PRD-1024,Black Eyed Beans (Karamani) 500g,183,242,10,20,300,2026-09-01
STR-003,PRD-1024,Black Eyed Beans (Karamani) 500g,184,233,10,20,300,2026-09-01
STR-001,PRD-1025,Gold Winner Sunflower Oil 1L,46,118,10,25,300,2026-09-01
STR-002,PRD-1025,Gold Winner Sunflower Oil 1L,30,107,10,25,300,2026-09-01
STR-003,PRD-1025,Gold Winner Sunflower Oil 1L,41,92,10,25,300,2026-09-01
STR-001,PRD-1026,Idhayam Sesame/Gingelly Oil 1L,19,63,10,30,300,2026-09-01
STR-002,PRD-1026,Idhayam Sesame/Gingelly Oil 1L,17,77,10,30,300,2026-09-01
STR-003,PRD-1026,Idhayam Sesame/Gingelly Oil 1L,24,65,10,30,300,2026-09-01
STR-001,PRD-1027,Fortune Sunlite Sunflower Oil 1L,72,63,10,15,300,2026-09-01
STR-002,PRD-1027,Fortune Sunlite Sunflower Oil 1L,77,63,10,15,300,2026-09-01
STR-003,PRD-1027,Fortune Sunlite Sunflower Oil 1L,63,55,10,15,300,2026-09-01
STR-001,PRD-1028,Aavin Pure Ghee 500ml,78,90,10,20,300,2026-09-01
STR-002,PRD-1028,Aavin Pure Ghee 500ml,74,120,10,20,300,2026-09-01
STR-003,PRD-1028,Aavin Pure Ghee 500ml,80,84,10,20,300,2026-09-01
STR-001,PRD-1029,Hatsun Pure Cow Ghee 500ml,83,60,10,20,300,2026-09-01
STR-002,PRD-1029,Hatsun Pure Cow Ghee 500ml,68,149,10,20,300,2026-09-01
STR-001,PRD-1030,Amul Pure Ghee 1L Tin,55,88,10,25,300,2026-09-01
STR-002,PRD-1030,Amul Pure Ghee 1L Tin,49,108,10,25,300,2026-09-01
STR-003,PRD-1030,Amul Pure Ghee 1L Tin,58,108,10,25,300,2026-09-01
STR-001,PRD-1031,Sundrop SuperLite Oil 1L,52,141,10,20,300,2026-09-01
STR-002,PRD-1031,Sundrop SuperLite Oil 1L,80,69,10,20,300,2026-09-01
STR-003,PRD-1031,Sundrop SuperLite Oil 1L,44,77,10,20,300,2026-09-01
STR-001,PRD-1032,Parachute Coconut Oil 500ml,222,252,10,20,300,2026-09-01
STR-002,PRD-1032,Parachute Coconut Oil 500ml,254,298,10,20,300,2026-09-01
STR-003,PRD-1032,Parachute Coconut Oil 500ml,180,261,10,20,300,2026-09-01
STR-001,PRD-1033,V.V.D Gold Coconut Oil 500ml,69,113,10,20,300,2026-09-01
STR-002,PRD-1033,V.V.D Gold Coconut Oil 500ml,52,88,10,20,300,2026-09-01
STR-003,PRD-1033,V.V.D Gold Coconut Oil 500ml,81,111,10,20,300,2026-09-01
STR-001,PRD-1034,Dhara Mustard Oil 1L,8,30,10,25,300,2026-09-01
STR-002,PRD-1034,Dhara Mustard Oil 1L,4,44,10,25,300,2026-09-01
STR-003,PRD-1034,Dhara Mustard Oil 1L,6,42,10,25,300,2026-09-01
STR-001,PRD-1035,Saffola Gold Edible Oil 1L,23,60,10,30,300,2026-09-01
STR-002,PRD-1035,Saffola Gold Edible Oil 1L,15,80,10,30,300,2026-09-01
STR-003,PRD-1035,Saffola Gold Edible Oil 1L,18,64,10,30,300,2026-09-01
STR-001,PRD-1036,Deepam Lamp Oil 1L,51,149,10,20,300,2026-09-01
STR-002,PRD-1036,Deepam Lamp Oil 1L,84,74,10,20,300,2026-09-01
STR-001,PRD-1037,Aavin Toned Milk 500ml Pouch,71,99,10,20,300,2026-09-01
STR-002,PRD-1037,Aavin Toned Milk 500ml Pouch,72,69,10,20,300,2026-09-01
STR-003,PRD-1037,Aavin Toned Milk 500ml Pouch,73,147,10,20,300,2026-09-01
STR-001,PRD-1038,Aavin Full Cream Milk 500ml,62,128,10,20,300,2026-09-01
STR-002,PRD-1038,Aavin Full Cream Milk 500ml,87,113,10,20,300,2026-09-01
STR-003,PRD-1038,Aavin Full Cream Milk 500ml,80,118,10,20,300,2026-09-01
STR-001,PRD-1039,Hatsun Fresh Curd 500g Pouch,86,138,10,20,300,2026-09-01
STR-002,PRD-1039,Hatsun Fresh Curd 500g Pouch,52,135,10,20,300,2026-09-01
STR-003,PRD-1039,Hatsun Fresh Curd 500g Pouch,50,117,10,20,300,2026-09-01
STR-001,PRD-1040,Milky Mist Thick Curd 1kg Bucket,221,263,10,20,300,2026-09-01
STR-002,PRD-1040,Milky Mist Thick Curd 1kg Bucket,215,276,10,20,300,2026-09-01
STR-003,PRD-1040,Milky Mist Thick Curd 1kg Bucket,242,252,10,20,300,2026-09-01
STR-001,PRD-1041,Amul Pasteurised Butter 100g,85,117,10,20,300,2026-09-01
STR-002,PRD-1041,Amul Pasteurised Butter 100g,72,144,10,20,300,2026-09-01
STR-003,PRD-1041,Amul Pasteurised Butter 100g,56,130,10,20,300,2026-09-01
STR-001,PRD-1042,Amul Cheese Slices 200g,55,84,10,20,300,2026-09-01
STR-002,PRD-1042,Amul Cheese Slices 200g,82,87,10,20,300,2026-09-01
STR-003,PRD-1042,Amul Cheese Slices 200g,41,96,10,20,300,2026-09-01
STR-001,PRD-1043,Milky Mist Paneer 200g,69,150,10,20,300,2026-09-01
STR-002,PRD-1043,Milky Mist Paneer 200g,75,76,10,20,300,2026-09-01
STR-001,PRD-1044,Amul Taaza Homogenised Milk 1L Pack,22,75,10,30,300,2026-09-01
STR-002,PRD-1044,Amul Taaza Homogenised Milk 1L Pack,16,75,10,30,300,2026-09-01
STR-003,PRD-1044,Amul Taaza Homogenised Milk 1L Pack,17,61,10,30,300,2026-09-01
STR-001,PRD-1045,Aavin Flavoured Milk Chocolate 200ml,10,33,10,25,300,2026-09-01
STR-002,PRD-1045,Aavin Flavoured Milk Chocolate 200ml,8,46,10,25,300,2026-09-01
STR-003,PRD-1045,Aavin Flavoured Milk Chocolate 200ml,11,39,10,25,300,2026-09-01
STR-001,PRD-1046,Cavins Milkshake Strawberry 200ml,75,86,10,20,300,2026-09-01
STR-002,PRD-1046,Cavins Milkshake Strawberry 200ml,45,69,10,20,300,2026-09-01
STR-003,PRD-1046,Cavins Milkshake Strawberry 200ml,53,89,10,20,300,2026-09-01
STR-001,PRD-1047,Milky Mist Fresh Cream 200ml,85,93,10,20,300,2026-09-01
STR-002,PRD-1047,Milky Mist Fresh Cream 200ml,69,74,10,20,300,2026-09-01
STR-003,PRD-1047,Milky Mist Fresh Cream 200ml,45,67,10,20,300,2026-09-01
STR-001,PRD-1048,Amul Fresh Condensed Milk 400g,195,256,10,20,300,2026-09-01
STR-002,PRD-1048,Amul Fresh Condensed Milk 400g,243,269,10,20,300,2026-09-01
STR-003,PRD-1048,Amul Fresh Condensed Milk 400g,212,277,10,20,300,2026-09-01
STR-001,PRD-1049,Modern Family Special White Bread 400g,36,135,10,20,300,2026-09-01
STR-002,PRD-1049,Modern Family Special White Bread 400g,65,82,10,20,300,2026-09-01
STR-003,PRD-1049,Modern Family Special White Bread 400g,75,115,10,20,300,2026-09-01
STR-001,PRD-1050,Britannia 100% Whole Wheat Bread 400g,51,100,10,25,300,2026-09-01
STR-002,PRD-1050,Britannia 100% Whole Wheat Bread 400g,56,105,10,25,300,2026-09-01
STR-001,PRD-1051,Modern Whole Wheat Bread 400g,84,74,10,20,300,2026-09-01
STR-002,PRD-1051,Modern Whole Wheat Bread 400g,64,129,10,20,300,2026-09-01
STR-003,PRD-1051,Modern Whole Wheat Bread 400g,63,140,10,20,300,2026-09-01
STR-001,PRD-1052,Britannia Fruit Bun 150g,79,116,10,20,300,2026-09-01
STR-002,PRD-1052,Britannia Fruit Bun 150g,45,150,10,20,300,2026-09-01
STR-003,PRD-1052,Britannia Fruit Bun 150g,64,74,10,20,300,2026-09-01
STR-001,PRD-1053,Sweet Bun 2-Pack,23,69,10,30,300,2026-09-01
STR-002,PRD-1053,Sweet Bun 2-Pack,23,74,10,30,300,2026-09-01
STR-003,PRD-1053,Sweet Bun 2-Pack,16,64,10,30,300,2026-09-01
STR-001,PRD-1054,Garlic Butter Toast 150g,52,124,10,20,300,2026-09-01
STR-002,PRD-1054,Garlic Butter Toast 150g,66,144,10,20,300,2026-09-01
STR-003,PRD-1054,Garlic Butter Toast 150g,59,129,10,20,300,2026-09-01
STR-001,PRD-1055,Britannia Gobbles Marble Cake 110g,42,116,10,25,300,2026-09-01
STR-002,PRD-1055,Britannia Gobbles Marble Cake 110g,42,104,10,25,300,2026-09-01
STR-003,PRD-1055,Britannia Gobbles Marble Cake 110g,34,82,10,25,300,2026-09-01
STR-001,PRD-1056,Winkies Chocolate Swiss Roll 100g,3,44,10,25,300,2026-09-01
STR-002,PRD-1056,Winkies Chocolate Swiss Roll 100g,4,50,10,25,300,2026-09-01
STR-003,PRD-1056,Winkies Chocolate Swiss Roll 100g,12,42,10,25,300,2026-09-01
STR-001,PRD-1057,Plum Cake 250g,75,100,10,20,300,2026-09-01
STR-002,PRD-1057,Plum Cake 250g,50,68,10,20,300,2026-09-01
STR-001,PRD-1058,Pav Bun 6-Pack,41,115,10,20,300,2026-09-01
STR-002,PRD-1058,Pav Bun 6-Pack,36,98,10,20,300,2026-09-01
STR-003,PRD-1058,Pav Bun 6-Pack,50,78,10,20,300,2026-09-01
STR-001,PRD-1059,Parle-G Glucose Biscuit 250g,74,70,10,20,300,2026-09-01
STR-002,PRD-1059,Parle-G Glucose Biscuit 250g,49,78,10,20,300,2026-09-01
STR-003,PRD-1059,Parle-G Glucose Biscuit 250g,53,119,10,20,300,2026-09-01
STR-001,PRD-1060,Britannia Bourbon Chocolate Biscuit 150g,39,117,10,25,300,2026-09-01
STR-002,PRD-1060,Britannia Bourbon Chocolate Biscuit 150g,42,92,10,25,300,2026-09-01
STR-003,PRD-1060,Britannia Bourbon Chocolate Biscuit 150g,52,98,10,25,300,2026-09-01
STR-001,PRD-1061,Sunfeast Dark Fantasy Choco Fills 300g,90,132,10,20,300,2026-09-01
STR-002,PRD-1061,Sunfeast Dark Fantasy Choco Fills 300g,88,123,10,20,300,2026-09-01
STR-003,PRD-1061,Sunfeast Dark Fantasy Choco Fills 300g,49,105,10,20,300,2026-09-01
STR-001,PRD-1062,Britannia Marie Gold 300g,25,64,10,30,300,2026-09-01
STR-002,PRD-1062,Britannia Marie Gold 300g,24,61,10,30,300,2026-09-01
STR-003,PRD-1062,Britannia Marie Gold 300g,17,73,10,30,300,2026-09-01
STR-001,PRD-1063,Oreo Vanilla Cream Biscuit 120g,52,124,10,20,300,2026-09-01
STR-002,PRD-1063,Oreo Vanilla Cream Biscuit 120g,82,97,10,20,300,2026-09-01
STR-003,PRD-1063,Oreo Vanilla Cream Biscuit 120g,90,88,10,20,300,2026-09-01
STR-001,PRD-1064,Britannia Good Day Cashew 200g,226,271,10,20,300,2026-09-01
STR-002,PRD-1064,Britannia Good Day Cashew 200g,213,247,10,20,300,2026-09-01
STR-001,PRD-1065,Britannia Good Day Butter 200g,45,94,10,25,300,2026-09-01
STR-002,PRD-1065,Britannia Good Day Butter 200g,50,94,10,25,300,2026-09-01
STR-003,PRD-1065,Britannia Good Day Butter 200g,33,106,10,25,300,2026-09-01
STR-001,PRD-1066,Sunfeast Mom's Magic Cashew & Almond 200g,60,56,10,15,300,2026-09-01
STR-002,PRD-1066,Sunfeast Mom's Magic Cashew & Almond 200g,71,84,10,15,300,2026-09-01
STR-003,PRD-1066,Sunfeast Mom's Magic Cashew & Almond 200g,84,81,10,15,300,2026-09-01
STR-001,PRD-1067,Britannia NutriChoice Digestive 250g,9,44,10,25,300,2026-09-01
STR-002,PRD-1067,Britannia NutriChoice Digestive 250g,12,47,10,25,300,2026-09-01
STR-003,PRD-1067,Britannia NutriChoice Digestive 250g,3,44,10,25,300,2026-09-01
STR-001,PRD-1068,Parle Monaco Salted Biscuit 200g,50,102,10,20,300,2026-09-01
STR-002,PRD-1068,Parle Monaco Salted Biscuit 200g,48,130,10,20,300,2026-09-01
STR-003,PRD-1068,Parle Monaco Salted Biscuit 200g,35,136,10,20,300,2026-09-01
STR-001,PRD-1069,Parle Krackjack Sweet & Salty 200g,42,82,10,20,300,2026-09-01
STR-002,PRD-1069,Parle Krackjack Sweet & Salty 200g,72,90,10,20,300,2026-09-01
STR-003,PRD-1069,Parle Krackjack Sweet & Salty 200g,42,127,10,20,300,2026-09-01
STR-001,PRD-1070,Hide & Seek Chocolate Chip Biscuits 120g,44,86,10,25,300,2026-09-01
STR-002,PRD-1070,Hide & Seek Chocolate Chip Biscuits 120g,39,113,10,25,300,2026-09-01
STR-003,PRD-1070,Hide & Seek Chocolate Chip Biscuits 120g,43,105,10,25,300,2026-09-01
STR-001,PRD-1071,Britannia Milk Bikis 200g,20,62,10,30,300,2026-09-01
STR-002,PRD-1071,Britannia Milk Bikis 200g,20,77,10,30,300,2026-09-01
STR-001,PRD-1072,Unibic Assorted Cookies 75g,192,255,10,20,300,2026-09-01
STR-002,PRD-1072,Unibic Assorted Cookies 75g,207,270,10,20,300,2026-09-01
STR-003,PRD-1072,Unibic Assorted Cookies 75g,233,251,10,20,300,2026-09-01
STR-001,PRD-1073,Haldiram Nagpur Aloo Bhujia 200g,78,79,10,20,300,2026-09-01
STR-002,PRD-1073,Haldiram Nagpur Aloo Bhujia 200g,82,72,10,20,300,2026-09-01
STR-003,PRD-1073,Haldiram Nagpur Aloo Bhujia 200g,70,131,10,20,300,2026-09-01
STR-001,PRD-1074,Lays Magic Masala Potato Chips 50g,90,114,10,20,300,2026-09-01
STR-002,PRD-1074,Lays Magic Masala Potato Chips 50g,71,73,10,20,300,2026-09-01
STR-003,PRD-1074,Lays Magic Masala Potato Chips 50g,89,104,10,20,300,2026-09-01
STR-001,PRD-1075,Lays Classic Salted Potato Chips 50g,57,107,10,25,300,2026-09-01
STR-002,PRD-1075,Lays Classic Salted Potato Chips 50g,30,115,10,25,300,2026-09-01
STR-003,PRD-1075,Lays Classic Salted Potato Chips 50g,52,97,10,25,300,2026-09-01
STR-001,PRD-1076,Kurkure Masala Munch 85g,71,78,10,20,300,2026-09-01
STR-002,PRD-1076,Kurkure Masala Munch 85g,82,71,10,20,300,2026-09-01
STR-003,PRD-1076,Kurkure Masala Munch 85g,81,99,10,20,300,2026-09-01
STR-001,PRD-1077,Bingo Mad Angles Cream & Onion 70g,45,79,10,20,300,2026-09-01
STR-002,PRD-1077,Bingo Mad Angles Cream & Onion 70g,66,114,10,20,300,2026-09-01
STR-003,PRD-1077,Bingo Mad Angles Cream & Onion 70g,62,104,10,20,300,2026-09-01
STR-001,PRD-1078,Hot & Crispy Banana Chips 250g,2,39,10,25,300,2026-09-01
STR-002,PRD-1078,Hot & Crispy Banana Chips 250g,4,36,10,25,300,2026-09-01
STR-001,PRD-1079,Tapioca Chips Salted 200g,56,77,10,15,300,2026-09-01
STR-002,PRD-1079,Tapioca Chips Salted 200g,49,72,10,15,300,2026-09-01
STR-003,PRD-1079,Tapioca Chips Salted 200g,65,54,10,15,300,2026-09-01
STR-001,PRD-1080,Murukku Traditional 250g,21,63,10,30,300,2026-09-01
STR-002,PRD-1080,Murukku Traditional 250g,16,71,10,30,300,2026-09-01
STR-003,PRD-1080,Murukku Traditional 250g,21,62,10,30,300,2026-09-01
STR-001,PRD-1081,Ribbon Pakoda 200g,67,69,10,20,300,2026-09-01
STR-002,PRD-1081,Ribbon Pakoda 200g,81,104,10,20,300,2026-09-01
STR-003,PRD-1081,Ribbon Pakoda 200g,47,92,10,20,300,2026-09-01
STR-001,PRD-1082,Haldiram Khatta Meetha Mix 200g,66,140,10,20,300,2026-09-01
STR-002,PRD-1082,Haldiram Khatta Meetha Mix 200g,76,132,10,20,300,2026-09-01
STR-003,PRD-1082,Haldiram Khatta Meetha Mix 200g,63,79,10,20,300,2026-09-01
STR-001,PRD-1083,Doritos Nacho Cheese Chips 60g,57,67,10,20,300,2026-09-01
STR-002,PRD-1083,Doritos Nacho Cheese Chips 60g,39,96,10,20,300,2026-09-01
STR-003,PRD-1083,Doritos Nacho Cheese Chips 60g,64,109,10,20,300,2026-09-01
STR-001,PRD-1084,Pringles Sour Cream & Onion 107g,76,133,10,20,300,2026-09-01
STR-002,PRD-1084,Pringles Sour Cream & Onion 107g,41,117,10,20,300,2026-09-01
STR-003,PRD-1084,Pringles Sour Cream & Onion 107g,46,142,10,20,300,2026-09-01
STR-001,PRD-1085,Paper Boat Mango Juice 250ml,35,119,10,25,300,2026-09-01
STR-002,PRD-1085,Paper Boat Mango Juice 250ml,31,118,10,25,300,2026-09-01
STR-001,PRD-1086,Tropicana 100% Orange Juice 1L,59,146,10,20,300,2026-09-01
STR-002,PRD-1086,Tropicana 100% Orange Juice 1L,56,79,10,20,300,2026-09-01
STR-003,PRD-1086,Tropicana 100% Orange Juice 1L,79,143,10,20,300,2026-09-01
STR-001,PRD-1087,Real Fruit Power Guava Juice 1L,59,131,10,20,300,2026-09-01
STR-002,PRD-1087,Real Fruit Power Guava Juice 1L,68,147,10,20,300,2026-09-01
STR-003,PRD-1087,Real Fruit Power Guava Juice 1L,46,99,10,20,300,2026-09-01
STR-001,PRD-1088,Coca-Cola Original Taste 750ml,199,217,10,20,300,2026-09-01
STR-002,PRD-1088,Coca-Cola Original Taste 750ml,247,294,10,20,300,2026-09-01
STR-003,PRD-1088,Coca-Cola Original Taste 750ml,199,248,10,20,300,2026-09-01
STR-001,PRD-1089,Sprite Lemon-Lime 750ml,9,35,10,25,300,2026-09-01
STR-002,PRD-1089,Sprite Lemon-Lime 750ml,6,49,10,25,300,2026-09-01
STR-003,PRD-1089,Sprite Lemon-Lime 750ml,5,45,10,25,300,2026-09-01
STR-001,PRD-1090,Bovonto Grape Soft Drink 1.5L,54,98,10,25,300,2026-09-01
STR-002,PRD-1090,Bovonto Grape Soft Drink 1.5L,34,118,10,25,300,2026-09-01
STR-003,PRD-1090,Bovonto Grape Soft Drink 1.5L,52,86,10,25,300,2026-09-01
STR-001,PRD-1091,7Up Nimbooz 350ml,63,94,10,20,300,2026-09-01
STR-002,PRD-1091,7Up Nimbooz 350ml,87,88,10,20,300,2026-09-01
STR-003,PRD-1091,7Up Nimbooz 350ml,58,124,10,20,300,2026-09-01
STR-001,PRD-1092,Maaza Mango Drink 1.2L,66,56,10,15,300,2026-09-01
STR-002,PRD-1092,Maaza Mango Drink 1.2L,75,58,10,15,300,2026-09-01
STR-001,PRD-1093,Frooti Mango Drink 1L,70,79,10,20,300,2026-09-01
STR-002,PRD-1093,Frooti Mango Drink 1L,54,90,10,20,300,2026-09-01
STR-003,PRD-1093,Frooti Mango Drink 1L,42,68,10,20,300,2026-09-01
STR-001,PRD-1094,Red Bull Energy Drink 250ml,50,133,10,20,300,2026-09-01
STR-002,PRD-1094,Red Bull Energy Drink 250ml,61,133,10,20,300,2026-09-01
STR-003,PRD-1094,Red Bull Energy Drink 250ml,69,127,10,20,300,2026-09-01
STR-001,PRD-1095,Kinley Packaged Drinking Water 1L,31,110,10,25,300,2026-09-01
STR-002,PRD-1095,Kinley Packaged Drinking Water 1L,41,84,10,25,300,2026-09-01
STR-003,PRD-1095,Kinley Packaged Drinking Water 1L,34,101,10,25,300,2026-09-01
STR-001,PRD-1096,Bisleri Water Bottle 2L,239,299,10,20,300,2026-09-01
STR-002,PRD-1096,Bisleri Water Bottle 2L,238,291,10,20,300,2026-09-01
STR-003,PRD-1096,Bisleri Water Bottle 2L,219,240,10,20,300,2026-09-01
STR-001,PRD-1097,3 Roses Dust Tea 250g,47,142,10,20,300,2026-09-01
STR-002,PRD-1097,3 Roses Dust Tea 250g,42,94,10,20,300,2026-09-01
STR-003,PRD-1097,3 Roses Dust Tea 250g,56,109,10,20,300,2026-09-01
STR-001,PRD-1098,Tata Tea Gold 500g,19,76,10,30,300,2026-09-01
STR-002,PRD-1098,Tata Tea Gold 500g,23,65,10,30,300,2026-09-01
STR-003,PRD-1098,Tata Tea Gold 500g,24,74,10,30,300,2026-09-01
STR-001,PRD-1099,Red Label Natural Care Tea 250g,74,105,10,20,300,2026-09-01
STR-002,PRD-1099,Red Label Natural Care Tea 250g,77,69,10,20,300,2026-09-01
STR-001,PRD-1100,Chakra Gold Tea 250g,4,30,10,25,300,2026-09-01
STR-002,PRD-1100,Chakra Gold Tea 250g,12,37,10,25,300,2026-09-01
STR-003,PRD-1100,Chakra Gold Tea 250g,7,44,10,25,300,2026-09-01
STR-001,PRD-1101,BRU Instant Coffee 100g Glass Jar,55,110,10,20,300,2026-09-01
STR-002,PRD-1101,BRU Instant Coffee 100g Glass Jar,68,123,10,20,300,2026-09-01
STR-003,PRD-1101,BRU Instant Coffee 100g Glass Jar,48,117,10,20,300,2026-09-01
STR-001,PRD-1102,Nescafe Classic Instant Coffee 50g,43,75,10,20,300,2026-09-01
STR-002,PRD-1102,Nescafe Classic Instant Coffee 50g,86,71,10,20,300,2026-09-01
STR-003,PRD-1102,Nescafe Classic Instant Coffee 50g,70,68,10,20,300,2026-09-01
STR-001,PRD-1103,Narasus Pure Filter Coffee 200g,75,149,10,20,300,2026-09-01
STR-002,PRD-1103,Narasus Pure Filter Coffee 200g,50,77,10,20,300,2026-09-01
STR-003,PRD-1103,Narasus Pure Filter Coffee 200g,43,130,10,20,300,2026-09-01
STR-001,PRD-1104,Cothas Coffee Chicory Blend 500g,241,292,10,20,300,2026-09-01
STR-002,PRD-1104,Cothas Coffee Chicory Blend 500g,189,240,10,20,300,2026-09-01
STR-003,PRD-1104,Cothas Coffee Chicory Blend 500g,250,299,10,20,300,2026-09-01
STR-001,PRD-1105,Taj Mahal Tea 250g,52,53,10,15,300,2026-09-01
STR-002,PRD-1105,Taj Mahal Tea 250g,67,64,10,15,300,2026-09-01
STR-003,PRD-1105,Taj Mahal Tea 250g,85,62,10,15,300,2026-09-01
STR-001,PRD-1106,Continental Xtra Instant Coffee 200g,67,71,10,20,300,2026-09-01
STR-002,PRD-1106,Continental Xtra Instant Coffee 200g,81,139,10,20,300,2026-09-01
STR-001,PRD-1107,Horlicks Classic Malt 500g Jar,16,60,10,30,300,2026-09-01
STR-002,PRD-1107,Horlicks Classic Malt 500g Jar,21,78,10,30,300,2026-09-01
STR-003,PRD-1107,Horlicks Classic Malt 500g Jar,19,80,10,30,300,2026-09-01
STR-001,PRD-1108,Boost Health Drink 500g Refill,79,69,10,20,300,2026-09-01
STR-002,PRD-1108,Boost Health Drink 500g Refill,44,137,10,20,300,2026-09-01
STR-003,PRD-1108,Boost Health Drink 500g Refill,43,111,10,20,300,2026-09-01
STR-001,PRD-1109,Bournvita Chocolate Health Drink 500g,52,75,10,20,300,2026-09-01
STR-002,PRD-1109,Bournvita Chocolate Health Drink 500g,61,138,10,20,300,2026-09-01
STR-003,PRD-1109,Bournvita Chocolate Health Drink 500g,81,133,10,20,300,2026-09-01
STR-001,PRD-1110,Complan Chocolate Health Drink 500g,58,111,10,25,300,2026-09-01
STR-002,PRD-1110,Complan Chocolate Health Drink 500g,36,95,10,25,300,2026-09-01
STR-003,PRD-1110,Complan Chocolate Health Drink 500g,39,110,10,25,300,2026-09-01
STR-001,PRD-1111,Pediasure Chocolate 400g Jar,8,41,10,25,300,2026-09-01
STR-002,PRD-1111,Pediasure Chocolate 400g Jar,6,47,10,25,300,2026-09-01
STR-003,PRD-1111,Pediasure Chocolate 400g Jar,12,49,10,25,300,2026-09-01
STR-001,PRD-1112,Women's Horlicks Caramel 400g,251,243,10,20,300,2026-09-01
STR-002,PRD-1112,Women's Horlicks Caramel 400g,185,264,10,20,300,2026-09-01
STR-003,PRD-1112,Women's Horlicks Caramel 400g,199,258,10,20,300,2026-09-01
STR-001,PRD-1113,Ensure Diabetes Care Vanilla 400g,60,80,10,20,300,2026-09-01
STR-002,PRD-1113,Ensure Diabetes Care Vanilla 400g,69,125,10,20,300,2026-09-01
STR-001,PRD-1114,Milo Cocoa Beverage Powder 400g,78,102,10,20,300,2026-09-01
STR-002,PRD-1114,Milo Cocoa Beverage Powder 400g,75,148,10,20,300,2026-09-01
STR-003,PRD-1114,Milo Cocoa Beverage Powder 400g,71,134,10,20,300,2026-09-01
STR-001,PRD-1115,Maggi 2-Minute Masala Noodles 280g (4-Pack),54,119,10,25,300,2026-09-01
STR-002,PRD-1115,Maggi 2-Minute Masala Noodles 280g (4-Pack),36,87,10,25,300,2026-09-01
STR-003,PRD-1115,Maggi 2-Minute Masala Noodles 280g (4-Pack),46,106,10,25,300,2026-09-01
STR-001,PRD-1116,Sunfeast Yippee Magic Masala Noodles 240g,17,61,10,30,300,2026-09-01
STR-002,PRD-1116,Sunfeast Yippee Magic Masala Noodles 240g,20,72,10,30,300,2026-09-01
STR-003,PRD-1116,Sunfeast Yippee Magic Masala Noodles 240g,19,80,10,30,300,2026-09-01
STR-001,PRD-1117,MTR Rava Idli Mix 500g,54,88,10,20,300,2026-09-01
STR-002,PRD-1117,MTR Rava Idli Mix 500g,57,121,10,20,300,2026-09-01
STR-003,PRD-1117,MTR Rava Idli Mix 500g,78,133,10,20,300,2026-09-01
STR-001,PRD-1118,MTR Rava Dosa Mix 500g,63,59,10,15,300,2026-09-01
STR-002,PRD-1118,MTR Rava Dosa Mix 500g,75,66,10,15,300,2026-09-01
STR-003,PRD-1118,MTR Rava Dosa Mix 500g,53,67,10,15,300,2026-09-01
STR-001,PRD-1119,Bambino Roasted Vermicelli 400g,49,127,10,20,300,2026-09-01
STR-002,PRD-1119,Bambino Roasted Vermicelli 400g,78,72,10,20,300,2026-09-01
STR-003,PRD-1119,Bambino Roasted Vermicelli 400g,76,112,10,20,300,2026-09-01
STR-001,PRD-1120,Knorr Thick Tomato Soup 53g,221,236,10,20,300,2026-09-01
STR-002,PRD-1120,Knorr Thick Tomato Soup 53g,248,229,10,20,300,2026-09-01
STR-001,PRD-1121,MTR Ready to Eat Paneer Butter Masala 300g,88,113,10,20,300,2026-09-01
STR-002,PRD-1121,MTR Ready to Eat Paneer Butter Masala 300g,46,123,10,20,300,2026-09-01
STR-003,PRD-1121,MTR Ready to Eat Paneer Butter Masala 300g,54,61,10,20,300,2026-09-01
STR-001,PRD-1122,Maggi Cuppa Masala Noodles 70g,10,50,10,25,300,2026-09-01
STR-002,PRD-1122,Maggi Cuppa Masala Noodles 70g,5,38,10,25,300,2026-09-01
STR-003,PRD-1122,Maggi Cuppa Masala Noodles 70g,2,35,10,25,300,2026-09-01
STR-001,PRD-1123,Top Ramen Curry Noodles 280g,74,82,10,20,300,2026-09-01
STR-002,PRD-1123,Top Ramen Curry Noodles 280g,60,71,10,20,300,2026-09-01
STR-003,PRD-1123,Top Ramen Curry Noodles 280g,35,91,10,20,300,2026-09-01
STR-001,PRD-1124,MTR Gulab Jamun Mix 175g,72,98,10,20,300,2026-09-01
STR-002,PRD-1124,MTR Gulab Jamun Mix 175g,77,67,10,20,300,2026-09-01
STR-003,PRD-1124,MTR Gulab Jamun Mix 175g,84,150,10,20,300,2026-09-01
STR-001,PRD-1125,Aachi Biryani Masala 100g,18,79,10,30,300,2026-09-01
STR-002,PRD-1125,Aachi Biryani Masala 100g,20,79,10,30,300,2026-09-01
STR-003,PRD-1125,Aachi Biryani Masala 100g,18,66,10,30,300,2026-09-01
STR-001,PRD-1126,Eastern Chicken Masala 100g,80,127,10,20,300,2026-09-01
STR-002,PRD-1126,Eastern Chicken Masala 100g,47,124,10,20,300,2026-09-01
STR-003,PRD-1126,Eastern Chicken Masala 100g,78,74,10,20,300,2026-09-01
STR-001,PRD-1127,Kissan Fresh Tomato Ketchup 950g,64,67,10,20,300,2026-09-01
STR-002,PRD-1127,Kissan Fresh Tomato Ketchup 950g,86,146,10,20,300,2026-09-01
STR-001,PRD-1128,Mother's Recipe Mango Pickle 300g,254,227,10,20,300,2026-09-01
STR-002,PRD-1128,Mother's Recipe Mango Pickle 300g,188,207,10,20,300,2026-09-01
STR-003,PRD-1128,Mother's Recipe Mango Pickle 300g,233,217,10,20,300,2026-09-01
STR-001,PRD-1129,Aachi Lime Pickle 300g,59,108,10,20,300,2026-09-01
STR-002,PRD-1129,Aachi Lime Pickle 300g,42,104,10,20,300,2026-09-01
STR-003,PRD-1129,Aachi Lime Pickle 300g,88,88,10,20,300,2026-09-01
STR-001,PRD-1130,Nutella Hazelnut Spread 350g Jar,43,114,10,25,300,2026-09-01
STR-002,PRD-1130,Nutella Hazelnut Spread 350g Jar,36,97,10,25,300,2026-09-01
STR-003,PRD-1130,Nutella Hazelnut Spread 350g Jar,49,106,10,25,300,2026-09-01
STR-001,PRD-1131,Dabur 100% Pure Honey 250g,83,56,10,15,300,2026-09-01
STR-002,PRD-1131,Dabur 100% Pure Honey 250g,70,52,10,15,300,2026-09-01
STR-003,PRD-1131,Dabur 100% Pure Honey 250g,77,58,10,15,300,2026-09-01
STR-001,PRD-1132,Sundrop Peanut Butter Crunchy 500g,73,133,10,20,300,2026-09-01
STR-002,PRD-1132,Sundrop Peanut Butter Crunchy 500g,68,144,10,20,300,2026-09-01
STR-003,PRD-1132,Sundrop Peanut Butter Crunchy 500g,75,82,10,20,300,2026-09-01
STR-001,PRD-1133,Hershey's Chocolate Syrup 623g,12,50,10,25,300,2026-09-01
STR-002,PRD-1133,Hershey's Chocolate Syrup 623g,8,39,10,25,300,2026-09-01
STR-003,PRD-1133,Hershey's Chocolate Syrup 623g,9,34,10,25,300,2026-09-01
STR-001,PRD-1134,Weikfield Vanilla Custard Powder 100g,21,64,10,30,300,2026-09-01
STR-002,PRD-1134,Weikfield Vanilla Custard Powder 100g,16,71,10,30,300,2026-09-01
STR-001,PRD-1135,Baking Soda 100g,49,118,10,25,300,2026-09-01
STR-002,PRD-1135,Baking Soda 100g,36,115,10,25,300,2026-09-01
STR-003,PRD-1135,Baking Soda 100g,36,80,10,25,300,2026-09-01
STR-001,PRD-1136,Ching's Secret Dark Soy Sauce 210g,211,261,10,20,300,2026-09-01
STR-002,PRD-1136,Ching's Secret Dark Soy Sauce 210g,216,241,10,20,300,2026-09-01
STR-003,PRD-1136,Ching's Secret Dark Soy Sauce 210g,243,265,10,20,300,2026-09-01
STR-001,PRD-1137,Del Monte Whole Corn Canned 415g,48,100,10,20,300,2026-09-01
STR-002,PRD-1137,Del Monte Whole Corn Canned 415g,36,78,10,20,300,2026-09-01
STR-003,PRD-1137,Del Monte Whole Corn Canned 415g,47,79,10,20,300,2026-09-01
STR-001,PRD-1138,Knorr Dark Soy Sauce 200ml,78,143,10,20,300,2026-09-01
STR-002,PRD-1138,Knorr Dark Soy Sauce 200ml,64,122,10,20,300,2026-09-01
STR-003,PRD-1138,Knorr Dark Soy Sauce 200ml,46,122,10,20,300,2026-09-01
STR-001,PRD-1139,Fresh Shimla Apples 1kg,88,64,10,20,300,2026-09-01
STR-002,PRD-1139,Fresh Shimla Apples 1kg,43,112,10,20,300,2026-09-01
STR-003,PRD-1139,Fresh Shimla Apples 1kg,64,124,10,20,300,2026-09-01
STR-001,PRD-1140,Robusta Bananas 1kg,51,110,10,25,300,2026-09-01
STR-002,PRD-1140,Robusta Bananas 1kg,53,113,10,25,300,2026-09-01
STR-003,PRD-1140,Robusta Bananas 1kg,55,107,10,25,300,2026-09-01
STR-001,PRD-1141,Nagpur Oranges 1kg,47,90,10,20,300,2026-09-01
STR-002,PRD-1141,Nagpur Oranges 1kg,58,70,10,20,300,2026-09-01
STR-001,PRD-1142,Seedless Black Grapes 500g,78,98,10,20,300,2026-09-01
STR-002,PRD-1142,Seedless Black Grapes 500g,40,64,10,20,300,2026-09-01
STR-003,PRD-1142,Seedless Black Grapes 500g,45,149,10,20,300,2026-09-01
STR-001,PRD-1143,Ripe Papaya 1kg,23,63,10,30,300,2026-09-01
STR-002,PRD-1143,Ripe Papaya 1kg,22,78,10,30,300,2026-09-01
STR-003,PRD-1143,Ripe Papaya 1kg,24,77,10,30,300,2026-09-01
STR-001,PRD-1144,Pomegranate Kabuli 1kg,11,36,10,25,300,2026-09-01
STR-002,PRD-1144,Pomegranate Kabuli 1kg,4,39,10,25,300,2026-09-01
STR-003,PRD-1144,Pomegranate Kabuli 1kg,7,47,10,25,300,2026-09-01
STR-001,PRD-1145,Green Guava 1kg,46,85,10,25,300,2026-09-01
STR-002,PRD-1145,Green Guava 1kg,40,84,10,25,300,2026-09-01
STR-003,PRD-1145,Green Guava 1kg,30,100,10,25,300,2026-09-01
STR-001,PRD-1146,Mosambi (Sweet Lime) 1kg,59,130,10,20,300,2026-09-01
STR-002,PRD-1146,Mosambi (Sweet Lime) 1kg,53,139,10,20,300,2026-09-01
STR-003,PRD-1146,Mosambi (Sweet Lime) 1kg,44,141,10,20,300,2026-09-01
STR-001,PRD-1147,Watermelon Kiran 1 Unit (~3kg),63,99,10,20,300,2026-09-01
STR-002,PRD-1147,Watermelon Kiran 1 Unit (~3kg),70,117,10,20,300,2026-09-01
STR-003,PRD-1147,Watermelon Kiran 1 Unit (~3kg),73,71,10,20,300,2026-09-01
STR-001,PRD-1148,Kiwi Fruit 3-Pack,84,109,10,20,300,2026-09-01
STR-002,PRD-1148,Kiwi Fruit 3-Pack,68,133,10,20,300,2026-09-01
STR-001,PRD-1149,Fresh Red Onion 1kg,44,123,10,20,300,2026-09-01
STR-002,PRD-1149,Fresh Red Onion 1kg,58,69,10,20,300,2026-09-01
STR-003,PRD-1149,Fresh Red Onion 1kg,64,85,10,20,300,2026-09-01
STR-001,PRD-1150,Fresh Potato 1kg,42,119,10,25,300,2026-09-01
STR-002,PRD-1150,Fresh Potato 1kg,34,118,10,25,300,2026-09-01
STR-003,PRD-1150,Fresh Potato 1kg,60,91,10,25,300,2026-09-01
STR-001,PRD-1151,Hybrid Tomato 1kg,85,133,10,20,300,2026-09-01
STR-002,PRD-1151,Hybrid Tomato 1kg,71,74,10,20,300,2026-09-01
STR-003,PRD-1151,Hybrid Tomato 1kg,81,63,10,20,300,2026-09-01
STR-001,PRD-1152,Ooty Carrot 500g,21,62,10,30,300,2026-09-01
STR-002,PRD-1152,Ooty Carrot 500g,21,64,10,30,300,2026-09-01
STR-003,PRD-1152,Ooty Carrot 500g,23,72,10,30,300,2026-09-01
STR-001,PRD-1153,Ladies Finger (Bhindi) 500g,79,106,10,20,300,2026-09-01
STR-002,PRD-1153,Ladies Finger (Bhindi) 500g,77,91,10,20,300,2026-09-01
STR-003,PRD-1153,Ladies Finger (Bhindi) 500g,78,142,10,20,300,2026-09-01
STR-001,PRD-1154,Green Capsicum 500g,35,73,10,20,300,2026-09-01
STR-002,PRD-1154,Green Capsicum 500g,71,148,10,20,300,2026-09-01
STR-003,PRD-1154,Green Capsicum 500g,67,148,10,20,300,2026-09-01
STR-001,PRD-1155,Coriander Leaves 100g Bundle,3,32,10,25,300,2026-09-01
STR-002,PRD-1155,Coriander Leaves 100g Bundle,10,36,10,25,300,2026-09-01
STR-001,PRD-1156,Fresh Mint Leaves 100g,39,100,10,20,300,2026-09-01
STR-002,PRD-1156,Fresh Mint Leaves 100g,41,142,10,20,300,2026-09-01
STR-003,PRD-1156,Fresh Mint Leaves 100g,70,82,10,20,300,2026-09-01
STR-001,PRD-1157,Green Chilli 250g,85,75,10,15,300,2026-09-01
STR-002,PRD-1157,Green Chilli 250g,57,89,10,15,300,2026-09-01
STR-003,PRD-1157,Green Chilli 250g,49,67,10,15,300,2026-09-01
STR-001,PRD-1158,Ginger 250g,64,85,10,20,300,2026-09-01
STR-002,PRD-1158,Ginger 250g,73,100,10,20,300,2026-09-01
STR-003,PRD-1158,Ginger 250g,74,118,10,20,300,2026-09-01
STR-001,PRD-1159,Garlic 250g,40,135,10,20,300,2026-09-01
STR-002,PRD-1159,Garlic 250g,79,107,10,20,300,2026-09-01
STR-003,PRD-1159,Garlic 250g,46,114,10,20,300,2026-09-01
STR-001,PRD-1160,Curry Leaves 50g Bundle,251,222,10,20,300,2026-09-01
STR-002,PRD-1160,Curry Leaves 50g Bundle,186,279,10,20,300,2026-09-01
STR-003,PRD-1160,Curry Leaves 50g Bundle,251,249,10,20,300,2026-09-01
STR-001,PRD-1161,Mysore Sandal Soap 125g,22,74,10,30,300,2026-09-01
STR-002,PRD-1161,Mysore Sandal Soap 125g,19,61,10,30,300,2026-09-01
STR-003,PRD-1161,Mysore Sandal Soap 125g,23,75,10,30,300,2026-09-01
STR-001,PRD-1162,Dettol Original Soap 75g (3-Pack),69,106,10,20,300,2026-09-01
STR-002,PRD-1162,Dettol Original Soap 75g (3-Pack),41,114,10,20,300,2026-09-01
STR-001,PRD-1163,Clinic Plus Strong & Long Shampoo 175ml,63,64,10,20,300,2026-09-01
STR-002,PRD-1163,Clinic Plus Strong & Long Shampoo 175ml,84,75,10,20,300,2026-09-01
STR-003,PRD-1163,Clinic Plus Strong & Long Shampoo 175ml,74,150,10,20,300,2026-09-01
STR-001,PRD-1164,Colgate Strong Teeth Toothpaste 150g,86,86,10,20,300,2026-09-01
STR-002,PRD-1164,Colgate Strong Teeth Toothpaste 150g,80,101,10,20,300,2026-09-01
STR-003,PRD-1164,Colgate Strong Teeth Toothpaste 150g,87,146,10,20,300,2026-09-01
STR-001,PRD-1165,Sensodyne Rapid Relief Toothpaste 80g,57,97,10,25,300,2026-09-01
STR-002,PRD-1165,Sensodyne Rapid Relief Toothpaste 80g,56,100,10,25,300,2026-09-01
STR-003,PRD-1165,Sensodyne Rapid Relief Toothpaste 80g,38,120,10,25,300,2026-09-01
STR-001,PRD-1166,Pears Soft & Fresh Soap 125g,8,32,10,25,300,2026-09-01
STR-002,PRD-1166,Pears Soft & Fresh Soap 125g,7,45,10,25,300,2026-09-01
STR-003,PRD-1166,Pears Soft & Fresh Soap 125g,12,44,10,25,300,2026-09-01
STR-001,PRD-1167,Dove Cream Beauty Bathing Bar 125g,62,87,10,20,300,2026-09-01
STR-002,PRD-1167,Dove Cream Beauty Bathing Bar 125g,71,130,10,20,300,2026-09-01
STR-003,PRD-1167,Dove Cream Beauty Bathing Bar 125g,37,66,10,20,300,2026-09-01
STR-001,PRD-1168,Sunsilk Black Shine Shampoo 180ml,236,220,10,20,300,2026-09-01
STR-002,PRD-1168,Sunsilk Black Shine Shampoo 180ml,218,216,10,20,300,2026-09-01
STR-003,PRD-1168,Sunsilk Black Shine Shampoo 180ml,190,232,10,20,300,2026-09-01
STR-001,PRD-1169,Parachute Advansed Jasmine Hair Oil 200ml,81,99,10,20,300,2026-09-01
STR-002,PRD-1169,Parachute Advansed Jasmine Hair Oil 200ml,48,60,10,20,300,2026-09-01
STR-001,PRD-1170,Nivea Soft Light Moisturiser 100ml,15,60,10,30,300,2026-09-01
STR-002,PRD-1170,Nivea Soft Light Moisturiser 100ml,22,64,10,30,300,2026-09-01
STR-003,PRD-1170,Nivea Soft Light Moisturiser 100ml,20,70,10,30,300,2026-09-01
STR-001,PRD-1171,Gillette Guard Razor 1-Pack,76,77,10,20,300,2026-09-01
STR-002,PRD-1171,Gillette Guard Razor 1-Pack,45,143,10,20,300,2026-09-01
STR-003,PRD-1171,Gillette Guard Razor 1-Pack,74,112,10,20,300,2026-09-01
STR-001,PRD-1172,Dabur Red Toothpowder 100g,72,75,10,20,300,2026-09-01
STR-002,PRD-1172,Dabur Red Toothpowder 100g,52,91,10,20,300,2026-09-01
STR-003,PRD-1172,Dabur Red Toothpowder 100g,84,96,10,20,300,2026-09-01
STR-001,PRD-1173,Himalaya Purifying Neem Face Wash 100ml,68,86,10,20,300,2026-09-01
STR-002,PRD-1173,Himalaya Purifying Neem Face Wash 100ml,66,90,10,20,300,2026-09-01
STR-003,PRD-1173,Himalaya Purifying Neem Face Wash 100ml,58,61,10,20,300,2026-09-01
STR-001,PRD-1174,Vaseline Total Moisture Body Lotion 200ml,69,106,10,20,300,2026-09-01
STR-002,PRD-1174,Vaseline Total Moisture Body Lotion 200ml,72,62,10,20,300,2026-09-01
STR-003,PRD-1174,Vaseline Total Moisture Body Lotion 200ml,67,110,10,20,300,2026-09-01
STR-001,PRD-1175,Vim Dishwash Gel Lemon 500ml,32,105,10,25,300,2026-09-01
STR-002,PRD-1175,Vim Dishwash Gel Lemon 500ml,46,85,10,25,300,2026-09-01
STR-003,PRD-1175,Vim Dishwash Gel Lemon 500ml,50,117,10,25,300,2026-09-01
STR-001,PRD-1176,Surf Excel Quick Wash Detergent Powder 1kg,210,255,10,20,300,2026-09-01
STR-002,PRD-1176,Surf Excel Quick Wash Detergent Powder 1kg,187,277,10,20,300,2026-09-01
STR-001,PRD-1177,Harpic Power Plus Toilet Cleaner 500ml,2,34,10,25,300,2026-09-01
STR-002,PRD-1177,Harpic Power Plus Toilet Cleaner 500ml,4,38,10,25,300,2026-09-01
STR-003,PRD-1177,Harpic Power Plus Toilet Cleaner 500ml,2,33,10,25,300,2026-09-01
STR-001,PRD-1178,Lizol Disinfectant Floor Cleaner Citrus 1L,75,133,10,20,300,2026-09-01
STR-002,PRD-1178,Lizol Disinfectant Floor Cleaner Citrus 1L,45,132,10,20,300,2026-09-01
STR-003,PRD-1178,Lizol Disinfectant Floor Cleaner Citrus 1L,49,74,10,20,300,2026-09-01
STR-001,PRD-1179,Colin Glass Cleaner Spray 500ml,22,61,10,30,300,2026-09-01
STR-002,PRD-1179,Colin Glass Cleaner Spray 500ml,23,61,10,30,300,2026-09-01
STR-003,PRD-1179,Colin Glass Cleaner Spray 500ml,21,67,10,30,300,2026-09-01
STR-001,PRD-1180,Rin Detergent Bar 250g (4-Pack),46,87,10,25,300,2026-09-01
STR-002,PRD-1180,Rin Detergent Bar 250g (4-Pack),60,82,10,25,300,2026-09-01
STR-003,PRD-1180,Rin Detergent Bar 250g (4-Pack),40,99,10,25,300,2026-09-01
STR-001,PRD-1181,Comfort After Wash Fabric Conditioner 860ml,82,98,10,20,300,2026-09-01
STR-002,PRD-1181,Comfort After Wash Fabric Conditioner 860ml,81,85,10,20,300,2026-09-01
STR-003,PRD-1181,Comfort After Wash Fabric Conditioner 860ml,36,112,10,20,300,2026-09-01
STR-001,PRD-1182,Exo Touch & Shine Dishwash Bar 250g,35,102,10,20,300,2026-09-01
STR-002,PRD-1182,Exo Touch & Shine Dishwash Bar 250g,68,86,10,20,300,2026-09-01
STR-003,PRD-1182,Exo Touch & Shine Dishwash Bar 250g,80,78,10,20,300,2026-09-01
STR-001,PRD-1183,Domex Fresh Guard Toilet Cleaner 500ml,68,76,10,15,300,2026-09-01
STR-002,PRD-1183,Domex Fresh Guard Toilet Cleaner 500ml,70,90,10,15,300,2026-09-01
STR-001,PRD-1184,Ariel Matic Front Load Detergent 1kg,217,230,10,20,300,2026-09-01
STR-002,PRD-1184,Ariel Matic Front Load Detergent 1kg,221,294,10,20,300,2026-09-01
STR-003,PRD-1184,Ariel Matic Front Load Detergent 1kg,254,299,10,20,300,2026-09-01
STR-001,PRD-1185,Scotch-Brite Scrub Pad Large (3-Pack),47,87,10,25,300,2026-09-01
STR-002,PRD-1185,Scotch-Brite Scrub Pad Large (3-Pack),32,87,10,25,300,2026-09-01
STR-003,PRD-1185,Scotch-Brite Scrub Pad Large (3-Pack),36,82,10,25,300,2026-09-01
STR-001,PRD-1186,Pitambari Shining Powder 200g,60,105,10,20,300,2026-09-01
STR-002,PRD-1186,Pitambari Shining Powder 200g,60,63,10,20,300,2026-09-01
STR-003,PRD-1186,Pitambari Shining Powder 200g,86,73,10,20,300,2026-09-01
STR-001,PRD-1187,All Out Mosquito Repellent Refill 45ml (2-Pack),43,88,10,20,300,2026-09-01
STR-002,PRD-1187,All Out Mosquito Repellent Refill 45ml (2-Pack),72,70,10,20,300,2026-09-01
STR-003,PRD-1187,All Out Mosquito Repellent Refill 45ml (2-Pack),76,85,10,20,300,2026-09-01
STR-001,PRD-1188,Good Knight Gold Flash Machine + Refill,3,40,10,25,300,2026-09-01
STR-002,PRD-1188,Good Knight Gold Flash Machine + Refill,9,42,10,25,300,2026-09-01
STR-003,PRD-1188,Good Knight Gold Flash Machine + Refill,6,35,10,25,300,2026-09-01
STR-001,PRD-1189,Odonil Room Air Freshener Spray Citrus 220ml,76,91,10,20,300,2026-09-01
STR-002,PRD-1189,Odonil Room Air Freshener Spray Citrus 220ml,59,95,10,20,300,2026-09-01
STR-003,PRD-1189,Odonil Room Air Freshener Spray Citrus 220ml,86,140,10,20,300,2026-09-01
STR-001,PRD-1190,Duracell Chota Power AA Batteries (4-Pack),47,110,10,25,300,2026-09-01
STR-002,PRD-1190,Duracell Chota Power AA Batteries (4-Pack),35,97,10,25,300,2026-09-01
STR-001,PRD-1191,Eveready Red AA Batteries (4-Pack),38,95,10,20,300,2026-09-01
STR-002,PRD-1191,Eveready Red AA Batteries (4-Pack),45,89,10,20,300,2026-09-01
STR-003,PRD-1191,Eveready Red AA Batteries (4-Pack),83,67,10,20,300,2026-09-01
STR-001,PRD-1192,Freshwrap Aluminum Foil 18m Roll,202,245,10,20,300,2026-09-01
STR-002,PRD-1192,Freshwrap Aluminum Foil 18m Roll,183,275,10,20,300,2026-09-01
STR-003,PRD-1192,Freshwrap Aluminum Foil 18m Roll,243,224,10,20,300,2026-09-01
STR-001,PRD-1193,Matchbox Homelites Safety Matches (10-Box),49,137,10,20,300,2026-09-01
STR-002,PRD-1193,Matchbox Homelites Safety Matches (10-Box),56,76,10,20,300,2026-09-01
STR-003,PRD-1193,Matchbox Homelites Safety Matches (10-Box),44,62,10,20,300,2026-09-01
STR-001,PRD-1194,Mangaldeep Sandal Agarbatti 100g,39,106,10,20,300,2026-09-01
STR-002,PRD-1194,Mangaldeep Sandal Agarbatti 100g,55,98,10,20,300,2026-09-01
STR-003,PRD-1194,Mangaldeep Sandal Agarbatti 100g,76,122,10,20,300,2026-09-01
STR-001,PRD-1195,Cycle Pure Agarbatti Three in One 250g,55,119,10,25,300,2026-09-01
STR-002,PRD-1195,Cycle Pure Agarbatti Three in One 250g,34,98,10,25,300,2026-09-01
STR-003,PRD-1195,Cycle Pure Agarbatti Three in One 250g,31,116,10,25,300,2026-09-01
STR-001,PRD-1196,Camphor Tablets 50g Box,81,90,10,15,300,2026-09-01
STR-002,PRD-1196,Camphor Tablets 50g Box,65,72,10,15,300,2026-09-01
STR-003,PRD-1196,Camphor Tablets 50g Box,66,90,10,15,300,2026-09-01
STR-001,PRD-1197,Tissue Paper Napkins 100 Sheets,16,68,10,30,300,2026-09-01
STR-002,PRD-1197,Tissue Paper Napkins 100 Sheets,21,65,10,30,300,2026-09-01
STR-001,PRD-1198,Garbage Bags Black Medium 30 Sheets,85,121,10,20,300,2026-09-01
STR-002,PRD-1198,Garbage Bags Black Medium 30 Sheets,86,69,10,20,300,2026-09-01
STR-003,PRD-1198,Garbage Bags Black Medium 30 Sheets,56,69,10,20,300,2026-09-01
STR-001,PRD-1199,Pampers Baby Wipes Gentle 72 Sheets,7,32,10,25,300,2026-09-01
STR-002,PRD-1199,Pampers Baby Wipes Gentle 72 Sheets,4,50,10,25,300,2026-09-01
STR-003,PRD-1199,Pampers Baby Wipes Gentle 72 Sheets,8,36,10,25,300,2026-09-01
STR-001,PRD-1200,Nestle Cerelac Wheat Apple 300g,218,236,10,20,300,2026-09-01
STR-002,PRD-1200,Nestle Cerelac Wheat Apple 300g,186,219,10,20,300,2026-09-01
STR-003,PRD-1200,Nestle Cerelac Wheat Apple 300g,241,276,10,20,300,2026-09-01
STR-001,PRD-1201,Himalaya Gentle Baby Soap 75g (3-Pack),65,70,10,20,300,2026-09-01
STR-002,PRD-1201,Himalaya Gentle Baby Soap 75g (3-Pack),51,144,10,20,300,2026-09-01
STR-003,PRD-1201,Himalaya Gentle Baby Soap 75g (3-Pack),46,107,10,20,300,2026-09-01
STR-001,PRD-1202,Johnson's Baby Powder 200g,71,94,10,20,300,2026-09-01
STR-002,PRD-1202,Johnson's Baby Powder 200g,86,104,10,20,300,2026-09-01
STR-003,PRD-1202,Johnson's Baby Powder 200g,87,109,10,20,300,2026-09-01
STR-001,PRD-1203,Johnson's Baby Hair Oil 100ml,50,133,10,20,300,2026-09-01
STR-002,PRD-1203,Johnson's Baby Hair Oil 100ml,71,124,10,20,300,2026-09-01
STR-003,PRD-1203,Johnson's Baby Hair Oil 100ml,83,75,10,20,300,2026-09-01
STR-001,PRD-1204,MamyPoko Pants Standard Diaper Medium 34s,43,84,10,20,300,2026-09-01
STR-002,PRD-1204,MamyPoko Pants Standard Diaper Medium 34s,44,140,10,20,300,2026-09-01
STR-001,PRD-1205,Himalaya Baby Lotion 200ml,32,84,10,25,300,2026-09-01
STR-002,PRD-1205,Himalaya Baby Lotion 200ml,59,109,10,25,300,2026-09-01
STR-003,PRD-1205,Himalaya Baby Lotion 200ml,33,106,10,25,300,2026-09-01
STR-001,PRD-1206,Sebamed Baby Protective Facial Cream 50ml,16,63,10,30,300,2026-09-01
STR-002,PRD-1206,Sebamed Baby Protective Facial Cream 50ml,21,71,10,30,300,2026-09-01
STR-003,PRD-1206,Sebamed Baby Protective Facial Cream 50ml,19,65,10,30,300,2026-09-01
STR-001,PRD-1207,Pigeon Baby Feeding Bottle 250ml,56,110,10,20,300,2026-09-01
STR-002,PRD-1207,Pigeon Baby Feeding Bottle 250ml,36,107,10,20,300,2026-09-01
STR-003,PRD-1207,Pigeon Baby Feeding Bottle 250ml,78,149,10,20,300,2026-09-01
STR-001,PRD-1208,Mee Mee Baby Laundry Detergent 1L,221,256,10,20,300,2026-09-01
STR-002,PRD-1208,Mee Mee Baby Laundry Detergent 1L,232,227,10,20,300,2026-09-01
STR-003,PRD-1208,Mee Mee Baby Laundry Detergent 1L,200,265,10,20,300,2026-09-01
