Date,Store ID,Product ID,Units Sold,Revenue,Unit Price,Cost
2026-09-01,STR-001,PRD-1001,12,6240,520,5280
2026-09-01,STR-001,PRD-1025,8,1160,145,976
2026-09-01,STR-002,PRD-1037,25,600,24,500
2026-09-02,STR-001,PRD-1037,18,432,24,360
2026-09-02,STR-002,PRD-1001,14,7280,520,6160
2026-09-02,STR-003,PRD-1013,10,1650,165,1350
2026-09-03,STR-001,PRD-1049,15,675,45,525
2026-09-03,STR-002,PRD-1025,12,1740,145,1464
2026-09-04,STR-003,PRD-1001,11,5720,520,4840
2026-09-04,STR-002,PRD-1037,28,672,24,560
2026-09-05,STR-001,PRD-1013,16,2640,165,2160
2026-09-05,STR-003,PRD-1037,22,528,24,440
