Store ID,Product ID,Stock Quantity,Reorder Level,Last Restocked Date
STR-001,PRD-1001,45,25,2026-08-25
STR-001,PRD-1013,38,30,2026-08-20
STR-001,PRD-1025,50,25,2026-08-28
STR-001,PRD-1037,12,30,2026-09-04
STR-001,PRD-1049,8,20,2026-09-04
STR-002,PRD-1001,3,25,2026-08-10
STR-002,PRD-1013,15,30,2026-08-22
STR-002,PRD-1025,85,25,2026-08-30
STR-002,PRD-1037,95,30,2026-09-05
STR-002,PRD-1049,42,20,2026-09-05
STR-003,PRD-1001,60,25,2026-08-26
STR-003,PRD-1013,72,30,2026-08-28
STR-003,PRD-1025,18,25,2026-08-18
STR-003,PRD-1037,20,30,2026-09-05
STR-003,PRD-1049,25,20,2026-09-05
