arrivalId,arrivalDate,storeId,productId,productName,supplierId,supplierName,quantityReceived,previousStock,newStock,purchaseCost,invoiceNumber,batchNumber
ARR-7001,2026-09-04,STR-002,PRD-1100,Chakra Gold Tea 250g,SUP-008,ITC Foods Division,100,12,112,11800,INV-66958,BAT-2026-221
ARR-7002,2026-07-13,STR-003,PRD-1088,Coca-Cola Original Taste 750ml,SUP-008,ITC Foods Division,200,7,207,5800,INV-22598,BAT-2026-635
ARR-7003,2026-07-11,STR-001,PRD-1115,Maggi 2-Minute Masala Noodles 280g (4-Pack),SUP-007,Nestle India,50,26,76,2150,INV-89184,BAT-2026-668
ARR-7004,2026-08-17,STR-001,PRD-1094,Red Bull Energy Drink 250ml,SUP-007,Nestle India,150,21,171,14250,INV-28549,BAT-2026-877
ARR-7005,2026-08-09,STR-003,PRD-1054,Garlic Butter Toast 150g,SUP-005,Britannia Industries,50,11,61,1400,INV-93351,BAT-2026-366
ARR-7006,2026-07-02,STR-003,PRD-1025,Gold Winner Sunflower Oil 1L,SUP-004,Kaleesuwari Refinery (Gold Winner),150,11,161,18300,INV-52459,BAT-2026-880
ARR-7007,2026-07-31,STR-003,PRD-1100,Chakra Gold Tea 250g,SUP-008,ITC Foods Division,200,18,218,23600,INV-13928,BAT-2026-557
ARR-7008,2026-08-11,STR-003,PRD-1135,Baking Soda 100g,SUP-010,Dabur India Ltd,300,24,324,4800,INV-88280,BAT-2026-356
ARR-7009,2026-08-06,STR-003,PRD-1098,Tata Tea Gold 500g,SUP-008,ITC Foods Division,200,18,218,46000,INV-67883,BAT-2026-251
ARR-7010,2026-07-07,STR-001,PRD-1035,Saffola Gold Edible Oil 1L,SUP-004,Kaleesuwari Refinery (Gold Winner),50,22,72,8100,INV-28081,BAT-2026-373
ARR-7011,2026-07-03,STR-001,PRD-1051,Modern Whole Wheat Bread 400g,SUP-005,Britannia Industries,300,7,307,11100,INV-76452,BAT-2026-255
ARR-7012,2026-07-18,STR-003,PRD-1080,Murukku Traditional 250g,SUP-013,Fresh Farms Agro,300,19,319,17400,INV-88179,BAT-2026-885
ARR-7013,2026-08-06,STR-002,PRD-1001,India Gate Basmati Rice 5kg,SUP-003,India Gate Grains Ltd,100,17,117,44000,INV-28446,BAT-2026-134
ARR-7014,2026-08-14,STR-002,PRD-1180,Rin Detergent Bar 250g (4-Pack),SUP-009,Hindustan Unilever Ltd,50,20,70,2250,INV-44351,BAT-2026-805
ARR-7015,2026-08-11,STR-003,PRD-1049,Modern Family Special White Bread 400g,SUP-005,Britannia Industries,200,12,212,7000,INV-56990,BAT-2026-752
ARR-7016,2026-07-25,STR-002,PRD-1148,Kiwi Fruit 3-Pack,SUP-013,Fresh Farms Agro,150,10,160,13200,INV-39133,BAT-2026-452
ARR-7017,2026-08-28,STR-001,PRD-1007,Saffola Masala Oats 500g,SUP-008,ITC Foods Division,50,14,64,7000,INV-21428,BAT-2026-263
ARR-7018,2026-07-13,STR-003,PRD-1201,Himalaya Gentle Baby Soap 75g (3-Pack),SUP-009,Hindustan Unilever Ltd,100,22,122,10200,INV-53517,BAT-2026-209
ARR-7019,2026-07-15,STR-001,PRD-1151,Hybrid Tomato 1kg,SUP-013,Fresh Farms Agro,50,25,75,1250,INV-33159,BAT-2026-905
ARR-7020,2026-08-11,STR-001,PRD-1125,Aachi Biryani Masala 100g,SUP-011,MTR Foods,300,5,305,9600,INV-47599,BAT-2026-781
ARR-7021,2026-08-20,STR-001,PRD-1042,Amul Cheese Slices 200g,SUP-012,Amul (GCMMF),50,6,56,5750,INV-70902,BAT-2026-716
ARR-7022,2026-07-23,STR-003,PRD-1079,Tapioca Chips Salted 200g,SUP-013,Fresh Farms Agro,50,13,63,2500,INV-65898,BAT-2026-518
ARR-7023,2026-07-04,STR-002,PRD-1020,Fried Gram (Pottukadalai) 500g,SUP-013,Fresh Farms Agro,50,9,59,2900,INV-83604,BAT-2026-348
ARR-7024,2026-07-19,STR-002,PRD-1165,Sensodyne Rapid Relief Toothpaste 80g,SUP-009,Hindustan Unilever Ltd,50,5,55,6600,INV-21761,BAT-2026-840
ARR-7025,2026-07-23,STR-001,PRD-1073,Haldiram Nagpur Aloo Bhujia 200g,SUP-008,ITC Foods Division,100,23,123,4400,INV-92201,BAT-2026-537
ARR-7026,2026-07-09,STR-003,PRD-1126,Eastern Chicken Masala 100g,SUP-011,MTR Foods,50,9,59,1500,INV-13848,BAT-2026-770
ARR-7027,2026-08-03,STR-001,PRD-1192,Freshwrap Aluminum Foil 18m Roll,SUP-014,Godrej Consumer Products,150,5,155,19800,INV-75242,BAT-2026-853
ARR-7028,2026-08-24,STR-001,PRD-1157,Green Chilli 250g,SUP-013,Fresh Farms Agro,150,12,162,1500,INV-43888,BAT-2026-419
ARR-7029,2026-08-18,STR-003,PRD-1017,Urad Dal White Split 1kg,SUP-008,ITC Foods Division,150,25,175,19500,INV-33292,BAT-2026-247
ARR-7030,2026-08-26,STR-002,PRD-1151,Hybrid Tomato 1kg,SUP-013,Fresh Farms Agro,100,25,125,2500,INV-49301,BAT-2026-492
ARR-7031,2026-07-04,STR-002,PRD-1039,Hatsun Fresh Curd 500g Pouch,SUP-002,Hatsun Agro Product Ltd,300,7,307,8400,INV-53633,BAT-2026-342
ARR-7032,2026-07-01,STR-001,PRD-1132,Sundrop Peanut Butter Crunchy 500g,SUP-004,Kaleesuwari Refinery (Gold Winner),200,28,228,29600,INV-92040,BAT-2026-309
ARR-7033,2026-08-09,STR-002,PRD-1177,Harpic Power Plus Toilet Cleaner 500ml,SUP-009,Hindustan Unilever Ltd,100,13,113,7200,INV-40785,BAT-2026-458
ARR-7034,2026-08-23,STR-001,PRD-1031,Sundrop SuperLite Oil 1L,SUP-004,Kaleesuwari Refinery (Gold Winner),200,18,218,27600,INV-80091,BAT-2026-273
ARR-7035,2026-07-21,STR-001,PRD-1115,Maggi 2-Minute Masala Noodles 280g (4-Pack),SUP-007,Nestle India,50,28,78,2150,INV-99048,BAT-2026-229
ARR-7036,2026-08-28,STR-003,PRD-1066,Sunfeast Mom's Magic Cashew & Almond 200g,SUP-008,ITC Foods Division,200,19,219,7400,INV-10497,BAT-2026-621
ARR-7037,2026-08-20,STR-001,PRD-1151,Hybrid Tomato 1kg,SUP-013,Fresh Farms Agro,200,16,216,5000,INV-62453,BAT-2026-256
ARR-7038,2026-07-17,STR-001,PRD-1100,Chakra Gold Tea 250g,SUP-008,ITC Foods Division,50,24,74,5900,INV-67924,BAT-2026-518
ARR-7039,2026-08-26,STR-001,PRD-1184,Ariel Matic Front Load Detergent 1kg,SUP-015,P&G Home Care,150,30,180,33000,INV-91729,BAT-2026-400
ARR-7040,2026-08-30,STR-002,PRD-1168,Sunsilk Black Shine Shampoo 180ml,SUP-009,Hindustan Unilever Ltd,50,26,76,4800,INV-30924,BAT-2026-692
ARR-7041,2026-07-08,STR-002,PRD-1075,Lays Classic Salted Potato Chips 50g,SUP-008,ITC Foods Division,150,5,155,2100,INV-14784,BAT-2026-522
ARR-7042,2026-07-14,STR-001,PRD-1184,Ariel Matic Front Load Detergent 1kg,SUP-015,P&G Home Care,150,21,171,33000,INV-84137,BAT-2026-594
ARR-7043,2026-08-08,STR-002,PRD-1053,Sweet Bun 2-Pack,SUP-005,Britannia Industries,100,12,112,1400,INV-51052,BAT-2026-984
ARR-7044,2026-08-04,STR-001,PRD-1076,Kurkure Masala Munch 85g,SUP-008,ITC Foods Division,150,6,156,2100,INV-50270,BAT-2026-843
ARR-7045,2026-08-23,STR-003,PRD-1136,Ching's Secret Dark Soy Sauce 210g,SUP-010,Dabur India Ltd,300,9,309,14400,INV-24478,BAT-2026-254
ARR-7046,2026-07-12,STR-003,PRD-1121,MTR Ready to Eat Paneer Butter Masala 300g,SUP-011,MTR Foods,200,13,213,21600,INV-89246,BAT-2026-855
ARR-7047,2026-08-15,STR-003,PRD-1059,Parle-G Glucose Biscuit 250g,SUP-006,Parle Products,150,13,163,3450,INV-85344,BAT-2026-904
ARR-7048,2026-07-23,STR-001,PRD-1007,Saffola Masala Oats 500g,SUP-008,ITC Foods Division,200,26,226,28000,INV-46229,BAT-2026-920
ARR-7049,2026-08-06,STR-003,PRD-1032,Parachute Coconut Oil 500ml,SUP-009,Hindustan Unilever Ltd,50,8,58,7750,INV-97894,BAT-2026-827
ARR-7050,2026-09-02,STR-001,PRD-1071,Britannia Milk Bikis 200g,SUP-005,Britannia Industries,300,22,322,7800,INV-20526,BAT-2026-643
ARR-7051,2026-07-19,STR-001,PRD-1167,Dove Cream Beauty Bathing Bar 125g,SUP-009,Hindustan Unilever Ltd,100,5,105,5800,INV-97646,BAT-2026-539
ARR-7052,2026-07-30,STR-001,PRD-1111,Pediasure Chocolate 400g Jar,SUP-007,Nestle India,100,15,115,51000,INV-98757,BAT-2026-700
ARR-7053,2026-08-06,STR-002,PRD-1180,Rin Detergent Bar 250g (4-Pack),SUP-009,Hindustan Unilever Ltd,300,30,330,13500,INV-33431,BAT-2026-841
ARR-7054,2026-07-09,STR-001,PRD-1190,Duracell Chota Power AA Batteries (4-Pack),SUP-014,Godrej Consumer Products,300,13,313,37500,INV-86898,BAT-2026-920
ARR-7055,2026-08-23,STR-002,PRD-1193,Matchbox Homelites Safety Matches (10-Box),SUP-008,ITC Foods Division,50,17,67,1000,INV-63104,BAT-2026-365
ARR-7056,2026-07-03,STR-002,PRD-1125,Aachi Biryani Masala 100g,SUP-011,MTR Foods,50,8,58,1600,INV-15733,BAT-2026-286
ARR-7057,2026-07-12,STR-003,PRD-1058,Pav Bun 6-Pack,SUP-005,Britannia Industries,150,14,164,3750,INV-35699,BAT-2026-772
ARR-7058,2026-08-05,STR-003,PRD-1030,Amul Pure Ghee 1L Tin,SUP-012,Amul (GCMMF),100,12,112,52500,INV-13841,BAT-2026-221
ARR-7059,2026-08-21,STR-002,PRD-1019,Green Gram Whole 1kg,SUP-013,Fresh Farms Agro,150,24,174,15300,INV-79191,BAT-2026-534
ARR-7060,2026-07-01,STR-001,PRD-1087,Real Fruit Power Guava Juice 1L,SUP-010,Dabur India Ltd,200,9,209,19600,INV-23170,BAT-2026-830
ARR-7061,2026-09-03,STR-001,PRD-1139,Fresh Shimla Apples 1kg,SUP-013,Fresh Farms Agro,50,6,56,6750,INV-36559,BAT-2026-267
ARR-7062,2026-07-08,STR-002,PRD-1073,Haldiram Nagpur Aloo Bhujia 200g,SUP-008,ITC Foods Division,50,24,74,2200,INV-68552,BAT-2026-663
ARR-7063,2026-07-07,STR-001,PRD-1030,Amul Pure Ghee 1L Tin,SUP-012,Amul (GCMMF),50,30,80,26250,INV-46178,BAT-2026-133
ARR-7064,2026-07-02,STR-001,PRD-1076,Kurkure Masala Munch 85g,SUP-008,ITC Foods Division,150,20,170,2100,INV-25306,BAT-2026-346
ARR-7065,2026-07-14,STR-001,PRD-1179,Colin Glass Cleaner Spray 500ml,SUP-009,Hindustan Unilever Ltd,50,23,73,4000,INV-71162,BAT-2026-880
ARR-7066,2026-08-23,STR-002,PRD-1017,Urad Dal White Split 1kg,SUP-008,ITC Foods Division,50,25,75,6500,INV-60849,BAT-2026-259
ARR-7067,2026-08-15,STR-002,PRD-1019,Green Gram Whole 1kg,SUP-013,Fresh Farms Agro,300,13,313,30600,INV-22913,BAT-2026-695
ARR-7068,2026-08-06,STR-001,PRD-1168,Sunsilk Black Shine Shampoo 180ml,SUP-009,Hindustan Unilever Ltd,300,15,315,28800,INV-57796,BAT-2026-109
ARR-7069,2026-07-16,STR-002,PRD-1028,Aavin Pure Ghee 500ml,SUP-001,Aavin Dairy Co-operative,100,19,119,26500,INV-54659,BAT-2026-328
ARR-7070,2026-08-13,STR-001,PRD-1191,Eveready Red AA Batteries (4-Pack),SUP-014,Godrej Consumer Products,100,27,127,4400,INV-25647,BAT-2026-123
ARR-7071,2026-08-30,STR-003,PRD-1060,Britannia Bourbon Chocolate Biscuit 150g,SUP-005,Britannia Industries,300,21,321,7800,INV-98604,BAT-2026-988
ARR-7072,2026-08-26,STR-002,PRD-1188,Good Knight Gold Flash Machine + Refill,SUP-014,Godrej Consumer Products,50,20,70,4900,INV-28035,BAT-2026-898
ARR-7073,2026-08-29,STR-001,PRD-1021,Kabuli Chana 1kg,SUP-008,ITC Foods Division,100,19,119,11000,INV-24673,BAT-2026-525
ARR-7074,2026-07-14,STR-003,PRD-1153,Ladies Finger (Bhindi) 500g,SUP-013,Fresh Farms Agro,50,22,72,900,INV-77106,BAT-2026-213
ARR-7075,2026-08-30,STR-002,PRD-1056,Winkies Chocolate Swiss Roll 100g,SUP-005,Britannia Industries,100,11,111,2200,INV-98715,BAT-2026-710
ARR-7076,2026-08-19,STR-001,PRD-1091,7Up Nimbooz 350ml,SUP-008,ITC Foods Division,200,20,220,3600,INV-25809,BAT-2026-648
ARR-7077,2026-07-26,STR-003,PRD-1174,Vaseline Total Moisture Body Lotion 200ml,SUP-009,Hindustan Unilever Ltd,150,12,162,25200,INV-15284,BAT-2026-558
ARR-7078,2026-08-23,STR-003,PRD-1201,Himalaya Gentle Baby Soap 75g (3-Pack),SUP-009,Hindustan Unilever Ltd,50,5,55,5100,INV-33863,BAT-2026-917
ARR-7079,2026-08-06,STR-001,PRD-1197,Tissue Paper Napkins 100 Sheets,SUP-014,Godrej Consumer Products,50,26,76,1300,INV-81963,BAT-2026-475
ARR-7080,2026-08-15,STR-003,PRD-1167,Dove Cream Beauty Bathing Bar 125g,SUP-009,Hindustan Unilever Ltd,300,6,306,17400,INV-11930,BAT-2026-273
ARR-7081,2026-08-02,STR-001,PRD-1106,Continental Xtra Instant Coffee 200g,SUP-008,ITC Foods Division,100,30,130,18500,INV-27688,BAT-2026-318
ARR-7082,2026-08-20,STR-003,PRD-1067,Britannia NutriChoice Digestive 250g,SUP-005,Britannia Industries,100,8,108,4900,INV-61210,BAT-2026-699
ARR-7083,2026-07-05,STR-003,PRD-1138,Knorr Dark Soy Sauce 200ml,SUP-009,Hindustan Unilever Ltd,300,26,326,15600,INV-60125,BAT-2026-664
ARR-7084,2026-08-15,STR-002,PRD-1164,Colgate Strong Teeth Toothpaste 150g,SUP-009,Hindustan Unilever Ltd,150,17,167,10950,INV-97343,BAT-2026-583
ARR-7085,2026-07-03,STR-002,PRD-1140,Robusta Bananas 1kg,SUP-013,Fresh Farms Agro,200,26,226,6000,INV-99474,BAT-2026-465
ARR-7086,2026-07-09,STR-003,PRD-1157,Green Chilli 250g,SUP-013,Fresh Farms Agro,300,27,327,3000,INV-25518,BAT-2026-351
ARR-7087,2026-08-16,STR-001,PRD-1052,Britannia Fruit Bun 150g,SUP-005,Britannia Industries,50,15,65,900,INV-17198,BAT-2026-853
ARR-7088,2026-07-15,STR-003,PRD-1146,Mosambi (Sweet Lime) 1kg,SUP-013,Fresh Farms Agro,150,9,159,9000,INV-60907,BAT-2026-174
ARR-7089,2026-07-01,STR-001,PRD-1173,Himalaya Purifying Neem Face Wash 100ml,SUP-009,Hindustan Unilever Ltd,50,11,61,5400,INV-35903,BAT-2026-472
ARR-7090,2026-07-06,STR-002,PRD-1188,Good Knight Gold Flash Machine + Refill,SUP-014,Godrej Consumer Products,150,30,180,14700,INV-30518,BAT-2026-388
ARR-7091,2026-07-28,STR-002,PRD-1041,Amul Pasteurised Butter 100g,SUP-012,Amul (GCMMF),300,22,322,14400,INV-39115,BAT-2026-691
ARR-7092,2026-07-18,STR-002,PRD-1104,Cothas Coffee Chicory Blend 500g,SUP-008,ITC Foods Division,300,14,314,51000,INV-75980,BAT-2026-167
ARR-7093,2026-07-29,STR-003,PRD-1009,Raw Rice 5kg,SUP-013,Fresh Farms Agro,50,14,64,13000,INV-24042,BAT-2026-856
ARR-7094,2026-08-24,STR-003,PRD-1027,Fortune Sunlite Sunflower Oil 1L,SUP-004,Kaleesuwari Refinery (Gold Winner),50,15,65,5900,INV-39967,BAT-2026-147
ARR-7095,2026-07-19,STR-002,PRD-1037,Aavin Toned Milk 500ml Pouch,SUP-001,Aavin Dairy Co-operative,150,7,157,3000,INV-59421,BAT-2026-587
ARR-7096,2026-08-16,STR-002,PRD-1198,Garbage Bags Black Medium 30 Sheets,SUP-014,Godrej Consumer Products,200,27,227,12400,INV-48115,BAT-2026-513
ARR-7097,2026-08-01,STR-003,PRD-1083,Doritos Nacho Cheese Chips 60g,SUP-008,ITC Foods Division,300,15,315,6300,INV-40496,BAT-2026-417
ARR-7098,2026-07-12,STR-002,PRD-1034,Dhara Mustard Oil 1L,SUP-004,Kaleesuwari Refinery (Gold Winner),50,15,65,6400,INV-12238,BAT-2026-939
ARR-7099,2026-07-16,STR-001,PRD-1100,Chakra Gold Tea 250g,SUP-008,ITC Foods Division,200,18,218,23600,INV-44023,BAT-2026-887
ARR-7100,2026-07-20,STR-001,PRD-1177,Harpic Power Plus Toilet Cleaner 500ml,SUP-009,Hindustan Unilever Ltd,300,30,330,21600,INV-86704,BAT-2026-906
ARR-7101,2026-08-24,STR-001,PRD-1045,Aavin Flavoured Milk Chocolate 200ml,SUP-001,Aavin Dairy Co-operative,150,20,170,3450,INV-42346,BAT-2026-665
ARR-7102,2026-08-13,STR-001,PRD-1116,Sunfeast Yippee Magic Masala Noodles 240g,SUP-008,ITC Foods Division,50,9,59,1800,INV-81566,BAT-2026-888
ARR-7103,2026-07-10,STR-003,PRD-1161,Mysore Sandal Soap 125g,SUP-009,Hindustan Unilever Ltd,200,15,215,8400,INV-22908,BAT-2026-237
ARR-7104,2026-07-30,STR-002,PRD-1134,Weikfield Vanilla Custard Powder 100g,SUP-010,Dabur India Ltd,300,20,320,9600,INV-76412,BAT-2026-200
ARR-7105,2026-08-13,STR-003,PRD-1130,Nutella Hazelnut Spread 350g Jar,SUP-007,Nestle India,150,9,159,45750,INV-59332,BAT-2026-974
ARR-7106,2026-07-06,STR-002,PRD-1166,Pears Soft & Fresh Soap 125g,SUP-009,Hindustan Unilever Ltd,100,12,112,4900,INV-60246,BAT-2026-119
ARR-7107,2026-07-20,STR-001,PRD-1107,Horlicks Classic Malt 500g Jar,SUP-009,Hindustan Unilever Ltd,150,18,168,29250,INV-58471,BAT-2026-890
ARR-7108,2026-08-05,STR-002,PRD-1152,Ooty Carrot 500g,SUP-013,Fresh Farms Agro,200,19,219,4400,INV-28526,BAT-2026-137
ARR-7109,2026-08-15,STR-002,PRD-1024,Black Eyed Beans (Karamani) 500g,SUP-013,Fresh Farms Agro,200,8,208,10400,INV-13580,BAT-2026-571
ARR-7110,2026-07-27,STR-001,PRD-1023,Horse Gram (Kollu) 500g,SUP-013,Fresh Farms Agro,300,19,319,13200,INV-26056,BAT-2026-470
ARR-7111,2026-08-19,STR-002,PRD-1095,Kinley Packaged Drinking Water 1L,SUP-008,ITC Foods Division,200,22,222,2400,INV-94045,BAT-2026-870
ARR-7112,2026-07-30,STR-002,PRD-1173,Himalaya Purifying Neem Face Wash 100ml,SUP-009,Hindustan Unilever Ltd,50,11,61,5400,INV-22806,BAT-2026-598
ARR-7113,2026-08-10,STR-001,PRD-1111,Pediasure Chocolate 400g Jar,SUP-007,Nestle India,100,21,121,51000,INV-12090,BAT-2026-894
ARR-7114,2026-07-24,STR-002,PRD-1159,Garlic 250g,SUP-013,Fresh Farms Agro,150,7,157,6300,INV-49546,BAT-2026-615
ARR-7115,2026-08-11,STR-003,PRD-1165,Sensodyne Rapid Relief Toothpaste 80g,SUP-009,Hindustan Unilever Ltd,100,17,117,13200,INV-16528,BAT-2026-265
ARR-7116,2026-07-23,STR-001,PRD-1120,Knorr Thick Tomato Soup 53g,SUP-009,Hindustan Unilever Ltd,150,29,179,4350,INV-61698,BAT-2026-801
ARR-7117,2026-08-21,STR-001,PRD-1054,Garlic Butter Toast 150g,SUP-005,Britannia Industries,200,10,210,5600,INV-82745,BAT-2026-628
ARR-7118,2026-08-08,STR-002,PRD-1017,Urad Dal White Split 1kg,SUP-008,ITC Foods Division,200,18,218,26000,INV-66178,BAT-2026-356
ARR-7119,2026-07-18,STR-003,PRD-1004,Aashirvaad Shuddha Chakki Atta 5kg,SUP-008,ITC Foods Division,200,25,225,41000,INV-59446,BAT-2026-799
ARR-7120,2026-07-27,STR-003,PRD-1052,Britannia Fruit Bun 150g,SUP-005,Britannia Industries,200,7,207,3600,INV-37069,BAT-2026-446
ARR-7121,2026-07-27,STR-002,PRD-1197,Tissue Paper Napkins 100 Sheets,SUP-014,Godrej Consumer Products,200,20,220,5200,INV-64731,BAT-2026-808
ARR-7122,2026-07-18,STR-002,PRD-1129,Aachi Lime Pickle 300g,SUP-011,MTR Foods,300,9,309,13800,INV-38559,BAT-2026-641
ARR-7123,2026-08-25,STR-003,PRD-1181,Comfort After Wash Fabric Conditioner 860ml,SUP-009,Hindustan Unilever Ltd,200,24,224,36000,INV-16831,BAT-2026-516
ARR-7124,2026-07-04,STR-002,PRD-1095,Kinley Packaged Drinking Water 1L,SUP-008,ITC Foods Division,300,21,321,3600,INV-61561,BAT-2026-705
ARR-7125,2026-07-30,STR-001,PRD-1064,Britannia Good Day Cashew 200g,SUP-005,Britannia Industries,50,27,77,1900,INV-53857,BAT-2026-898
ARR-7126,2026-08-17,STR-001,PRD-1085,Paper Boat Mango Juice 250ml,SUP-008,ITC Foods Division,150,5,155,3750,INV-55462,BAT-2026-907
ARR-7127,2026-07-04,STR-001,PRD-1189,Odonil Room Air Freshener Spray Citrus 220ml,SUP-010,Dabur India Ltd,300,29,329,36000,INV-28977,BAT-2026-585
ARR-7128,2026-07-26,STR-001,PRD-1208,Mee Mee Baby Laundry Detergent 1L,SUP-015,P&G Home Care,200,28,228,58000,INV-20984,BAT-2026-435
ARR-7129,2026-08-27,STR-003,PRD-1154,Green Capsicum 500g,SUP-013,Fresh Farms Agro,150,29,179,4200,INV-11157,BAT-2026-421
ARR-7130,2026-07-25,STR-002,PRD-1116,Sunfeast Yippee Magic Masala Noodles 240g,SUP-008,ITC Foods Division,200,19,219,7200,INV-17572,BAT-2026-854
ARR-7131,2026-08-30,STR-002,PRD-1180,Rin Detergent Bar 250g (4-Pack),SUP-009,Hindustan Unilever Ltd,300,19,319,13500,INV-75511,BAT-2026-827
ARR-7132,2026-08-13,STR-002,PRD-1124,MTR Gulab Jamun Mix 175g,SUP-011,MTR Foods,150,10,160,10800,INV-67191,BAT-2026-970
ARR-7133,2026-07-10,STR-001,PRD-1011,Seeraga Samba Rice 1kg,SUP-003,India Gate Grains Ltd,100,30,130,11500,INV-79070,BAT-2026-365
ARR-7134,2026-07-19,STR-001,PRD-1066,Sunfeast Mom's Magic Cashew & Almond 200g,SUP-008,ITC Foods Division,200,11,211,7400,INV-62748,BAT-2026-867
ARR-7135,2026-07-17,STR-002,PRD-1164,Colgate Strong Teeth Toothpaste 150g,SUP-009,Hindustan Unilever Ltd,100,10,110,7300,INV-17816,BAT-2026-823
ARR-7136,2026-07-23,STR-003,PRD-1063,Oreo Vanilla Cream Biscuit 120g,SUP-007,Nestle India,100,20,120,2600,INV-23538,BAT-2026-208
ARR-7137,2026-07-10,STR-002,PRD-1167,Dove Cream Beauty Bathing Bar 125g,SUP-009,Hindustan Unilever Ltd,150,25,175,8700,INV-74237,BAT-2026-536
ARR-7138,2026-07-16,STR-002,PRD-1177,Harpic Power Plus Toilet Cleaner 500ml,SUP-009,Hindustan Unilever Ltd,50,18,68,3600,INV-31545,BAT-2026-158
ARR-7139,2026-08-07,STR-002,PRD-1057,Plum Cake 250g,SUP-005,Britannia Industries,300,22,322,27000,INV-58752,BAT-2026-216
ARR-7140,2026-08-06,STR-001,PRD-1097,3 Roses Dust Tea 250g,SUP-008,ITC Foods Division,300,17,317,37500,INV-85644,BAT-2026-666
ARR-7141,2026-07-30,STR-003,PRD-1012,Maida Flour 1kg,SUP-008,ITC Foods Division,150,10,160,6300,INV-23574,BAT-2026-955
ARR-7142,2026-08-24,STR-002,PRD-1208,Mee Mee Baby Laundry Detergent 1L,SUP-015,P&G Home Care,50,11,61,14500,INV-86613,BAT-2026-977
ARR-7143,2026-07-23,STR-001,PRD-1068,Parle Monaco Salted Biscuit 200g,SUP-006,Parle Products,50,10,60,1100,INV-64160,BAT-2026-682
ARR-7144,2026-07-02,STR-001,PRD-1035,Saffola Gold Edible Oil 1L,SUP-004,Kaleesuwari Refinery (Gold Winner),150,10,160,24300,INV-98946,BAT-2026-507
ARR-7145,2026-08-04,STR-003,PRD-1178,Lizol Disinfectant Floor Cleaner Citrus 1L,SUP-009,Hindustan Unilever Ltd,50,6,56,8300,INV-65352,BAT-2026-659
ARR-7146,2026-07-04,STR-003,PRD-1026,Idhayam Sesame/Gingelly Oil 1L,SUP-004,Kaleesuwari Refinery (Gold Winner),200,19,219,54000,INV-12533,BAT-2026-321
ARR-7147,2026-07-11,STR-002,PRD-1144,Pomegranate Kabuli 1kg,SUP-013,Fresh Farms Agro,100,19,119,16000,INV-15156,BAT-2026-450
ARR-7148,2026-07-02,STR-003,PRD-1012,Maida Flour 1kg,SUP-008,ITC Foods Division,150,23,173,6300,INV-35989,BAT-2026-313
ARR-7149,2026-07-24,STR-002,PRD-1149,Fresh Red Onion 1kg,SUP-013,Fresh Farms Agro,200,10,210,4400,INV-43266,BAT-2026-386
ARR-7150,2026-08-18,STR-001,PRD-1208,Mee Mee Baby Laundry Detergent 1L,SUP-015,P&G Home Care,100,8,108,29000,INV-67746,BAT-2026-263
ARR-7151,2026-08-05,STR-001,PRD-1160,Curry Leaves 50g Bundle,SUP-013,Fresh Farms Agro,200,12,212,800,INV-82772,BAT-2026-105
ARR-7152,2026-07-29,STR-003,PRD-1202,Johnson's Baby Powder 200g,SUP-015,P&G Home Care,50,28,78,7300,INV-62127,BAT-2026-874
ARR-7153,2026-08-11,STR-002,PRD-1094,Red Bull Energy Drink 250ml,SUP-007,Nestle India,50,10,60,4750,INV-55848,BAT-2026-730
ARR-7154,2026-08-11,STR-001,PRD-1040,Milky Mist Thick Curd 1kg Bucket,SUP-002,Hatsun Agro Product Ltd,300,12,312,21600,INV-89260,BAT-2026-330
ARR-7155,2026-07-17,STR-003,PRD-1166,Pears Soft & Fresh Soap 125g,SUP-009,Hindustan Unilever Ltd,100,29,129,4900,INV-74652,BAT-2026-284
ARR-7156,2026-07-12,STR-002,PRD-1058,Pav Bun 6-Pack,SUP-005,Britannia Industries,300,8,308,7500,INV-60805,BAT-2026-327
ARR-7157,2026-08-14,STR-001,PRD-1018,Rajma Red Kidney Beans 500g,SUP-013,Fresh Farms Agro,150,29,179,11100,INV-83821,BAT-2026-936
ARR-7158,2026-08-24,STR-001,PRD-1022,Masoor Dal Red 1kg,SUP-008,ITC Foods Division,100,18,118,8600,INV-65021,BAT-2026-563
ARR-7159,2026-08-20,STR-003,PRD-1119,Bambino Roasted Vermicelli 400g,SUP-011,MTR Foods,100,19,119,3300,INV-31784,BAT-2026-666
ARR-7160,2026-08-08,STR-003,PRD-1128,Mother's Recipe Mango Pickle 300g,SUP-010,Dabur India Ltd,100,23,123,6200,INV-74127,BAT-2026-371
ARR-7161,2026-08-17,STR-002,PRD-1009,Raw Rice 5kg,SUP-013,Fresh Farms Agro,200,28,228,52000,INV-10074,BAT-2026-617
ARR-7162,2026-08-25,STR-001,PRD-1109,Bournvita Chocolate Health Drink 500g,SUP-007,Nestle India,50,18,68,9500,INV-74901,BAT-2026-472
ARR-7163,2026-08-22,STR-001,PRD-1009,Raw Rice 5kg,SUP-013,Fresh Farms Agro,100,6,106,26000,INV-81518,BAT-2026-110
ARR-7164,2026-07-14,STR-002,PRD-1203,Johnson's Baby Hair Oil 100ml,SUP-015,P&G Home Care,100,24,124,9200,INV-16089,BAT-2026-269
ARR-7165,2026-07-24,STR-003,PRD-1028,Aavin Pure Ghee 500ml,SUP-001,Aavin Dairy Co-operative,150,29,179,39750,INV-49228,BAT-2026-933
ARR-7166,2026-07-31,STR-003,PRD-1012,Maida Flour 1kg,SUP-008,ITC Foods Division,150,13,163,6300,INV-81069,BAT-2026-686
ARR-7167,2026-07-05,STR-003,PRD-1081,Ribbon Pakoda 200g,SUP-013,Fresh Farms Agro,100,10,110,5400,INV-55678,BAT-2026-297
ARR-7168,2026-08-01,STR-001,PRD-1075,Lays Classic Salted Potato Chips 50g,SUP-008,ITC Foods Division,100,5,105,1400,INV-31990,BAT-2026-350
ARR-7169,2026-08-15,STR-001,PRD-1025,Gold Winner Sunflower Oil 1L,SUP-004,Kaleesuwari Refinery (Gold Winner),50,9,59,6100,INV-59052,BAT-2026-767
ARR-7170,2026-08-12,STR-002,PRD-1124,MTR Gulab Jamun Mix 175g,SUP-011,MTR Foods,50,8,58,3600,INV-91027,BAT-2026-846
ARR-7171,2026-07-29,STR-001,PRD-1122,Maggi Cuppa Masala Noodles 70g,SUP-007,Nestle India,150,15,165,5700,INV-99515,BAT-2026-134
ARR-7172,2026-07-29,STR-001,PRD-1146,Mosambi (Sweet Lime) 1kg,SUP-013,Fresh Farms Agro,300,21,321,18000,INV-82664,BAT-2026-927
ARR-7173,2026-08-06,STR-003,PRD-1075,Lays Classic Salted Potato Chips 50g,SUP-008,ITC Foods Division,300,11,311,4200,INV-42191,BAT-2026-297
ARR-7174,2026-07-21,STR-002,PRD-1106,Continental Xtra Instant Coffee 200g,SUP-008,ITC Foods Division,100,17,117,18500,INV-31392,BAT-2026-706
ARR-7175,2026-08-24,STR-002,PRD-1048,Amul Fresh Condensed Milk 400g,SUP-012,Amul (GCMMF),50,30,80,5250,INV-80438,BAT-2026-127
ARR-7176,2026-08-14,STR-001,PRD-1203,Johnson's Baby Hair Oil 100ml,SUP-015,P&G Home Care,300,25,325,27600,INV-40210,BAT-2026-225
ARR-7177,2026-07-17,STR-002,PRD-1097,3 Roses Dust Tea 250g,SUP-008,ITC Foods Division,150,7,157,18750,INV-31193,BAT-2026-693
ARR-7178,2026-07-08,STR-001,PRD-1160,Curry Leaves 50g Bundle,SUP-013,Fresh Farms Agro,150,29,179,600,INV-88439,BAT-2026-502
ARR-7179,2026-08-10,STR-001,PRD-1049,Modern Family Special White Bread 400g,SUP-005,Britannia Industries,50,8,58,1750,INV-28696,BAT-2026-348
ARR-7180,2026-09-02,STR-001,PRD-1145,Green Guava 1kg,SUP-013,Fresh Farms Agro,100,7,107,4800,INV-73061,BAT-2026-570
