id,name,contact,phone,city
SUP-001,Aavin Dairy Co-operative,Kumar,+91 98410 00001,Chennai
SUP-002,Hatsun Agro Product Ltd,Srinivasan,+91 98410 00002,Salem
SUP-003,India Gate Grains Ltd,Ramesh,+91 98410 00003,Delhi
SUP-004,Kaleesuwari Refinery (Gold Winner),Balan,+91 98410 00004,Chennai
SUP-005,Britannia Industries,Rajesh,+91 98410 00005,Bengaluru
SUP-006,Parle Products,Deepak,+91 98410 00006,Mumbai
SUP-007,Nestle India,Vijay,+91 98410 00007,Gurugram
SUP-008,ITC Foods Division,Karthik,+91 98410 00008,Bengaluru
SUP-009,Hindustan Unilever Ltd,Manish,+91 98410 00009,Mumbai
SUP-010,Dabur India Ltd,Alok,+91 98410 00010,Noida
SUP-011,MTR Foods,Subramani,+91 98410 00011,Bengaluru
SUP-012,Amul (GCMMF),Patel,+91 98410 00012,Anand
SUP-013,Fresh Farms Agro,Ganesh,+91 98410 00013,Coimbatore
SUP-014,Godrej Consumer Products,Amit,+91 98410 00014,Mumbai
SUP-015,P&G Home Care,Sandeep,+91 98410 00015,Mumbai
